temp,resp,hr,sbp,temp_v,resp_v,hr_v,sbp_v,margin,alarm
614,272,1416,0,1,1,1,0,272,1
614,284,1496,0,1,1,1,0,321,1
614,296,1541,0,1,1,1,0,326,1
615,307,1613,0,1,1,1,0,370,1
615,331,1605,0,1,1,1,0,408,1
615,325,1579,0,1,1,1,0,393,1
610,336,1557,0,1,1,1,0,325,1
610,307,1525,0,1,1,1,0,311,1
610,280,1477,0,1,1,1,0,306,1
608,251,1483,0,1,1,1,0,283,1
608,285,1525,0,1,1,1,0,303,1
608,317,1568,0,1,1,1,0,338,1
0,344,1541,0,0,1,1,0,105,1
612,344,1525,0,1,1,1,0,318,1
612,360,1504,0,1,1,1,0,325,1
612,352,1467,0,1,1,1,0,325,1
0,341,1408,0,0,1,1,0,47,1
608,293,1333,0,1,1,1,0,306,1
608,293,1312,0,1,1,1,0,306,1
608,245,1307,0,1,1,1,0,286,1
0,283,1355,0,0,1,1,0,23,1
604,267,1344,0,1,1,1,0,256,1
604,277,1339,0,1,1,1,0,256,1
604,245,1312,0,1,1,1,0,236,1
0,261,1312,0,0,1,1,0,-1,0
587,272,1317,0,1,1,1,0,-17,0
587,293,1301,0,1,1,1,0,-2,0
587,299,1275,0,1,1,1,0,-20,0
0,307,1221,0,0,1,1,0,-4,0
585,301,1200,0,1,1,1,0,-20,0
585,312,1195,0,1,1,1,0,-20,0
585,336,1211,0,1,1,1,0,-19,0
0,333,1221,0,0,1,1,0,5,1
596,317,1259,0,1,1,1,0,12,1
596,317,1259,0,1,1,1,0,12,1
596,336,1259,0,1,1,1,0,7,1
0,357,1232,0,0,1,1,0,60,1
594,357,1232,0,1,1,1,0,59,1
594,368,1232,0,1,1,1,0,76,1
594,368,1237,0,1,1,1,0,76,1
0,349,1296,0,0,1,1,0,70,1
596,301,1264,0,1,1,1,0,-2,0
596,280,1291,0,1,1,1,0,12,1
596,264,1232,0,1,1,1,0,-17,0
0,264,1220,0,0,1,1,0,-19,0
585,220,1156,0,1,1,1,0,-40,0
585,221,1165,0,1,1,1,0,-40,0
585,221,1157,0,1,1,1,0,-40,0
0,224,1147,0,0,1,1,0,-29,0
588,232,1184,0,1,1,1,0,-35,0
588,232,1189,0,1,1,1,0,-35,0
588,232,1168,0,1,1,1,0,-40,0
0,235,1200,0,0,1,1,0,-19,0
587,235,1205,0,1,1,1,0,-35,0
587,235,1216,0,1,1,1,0,-35,0
570,240,1248,2352,1,1,1,1,-120,0
570,240,1232,2360,1,1,1,1,-120,0
570,235,1275,2347,1,1,1,1,-120,0
0,245,1269,2344,0,1,1,1,-128,0
587,272,1296,1952,1,1,1,1,-187,0
587,272,1243,1928,1,1,1,1,-187,0
587,251,1253,2085,1,1,1,1,-187,0
0,240,1216,2309,0,1,1,1,-128,0
590,256,1232,2256,1,1,1,1,-187,0
590,256,1227,2032,1,1,1,1,-187,0
590,235,1253,1963,1,1,1,1,-187,0
0,187,1264,1995,0,1,1,1,-118,0
582,181,1280,1973,1,1,1,1,-177,0
582,171,1264,2112,1,1,1,1,-177,0
582,192,1253,2112,1,1,1,1,-177,0
0,200,1216,2309,0,1,1,1,-128,0
580,208,1211,2144,1,1,1,1,-183,0
580,235,1200,2133,1,1,1,1,-183,0
580,245,1131,2005,1,1,1,1,-188,0
0,277,1083,1920,0,1,1,1,-156,0
590,235,1013,1867,1,1,1,1,-205,0
590,219,1024,1904,1,1,1,1,-205,0
590,181,1003,1963,1,1,1,1,-176,0
0,208,1013,2123,0,1,1,1,-155,0
585,240,1029,2245,1,1,1,1,-205,0
585,256,1061,2437,1,1,1,1,-196,0
585,267,1056,2416,1,1,1,1,-215,0
0,256,1056,2448,0,1,1,1,-155,0
586,232,1048,2312,1,1,1,1,-205,0
586,208,1096,2296,1,1,1,1,-196,0
586,240,1120,2309,1,1,1,1,-192,0
0,320,1147,2272,0,1,1,1,-122,0
586,341,1136,2325,1,1,1,1,-174,0
586,331,1099,2325,1,1,1,1,-186,0
586,288,1072,2416,1,1,1,1,-206,0
0,277,1056,2373,0,1,1,1,-165,0
582,267,1056,2469,1,1,1,1,-215,0
582,240,1029,2517,1,1,1,1,-205,0
582,245,1083,2560,1,1,1,1,-196,0
0,160,1368,1944,0,1,1,1,-107,0
580,156,1324,1820,1,1,1,1,-173,0
579,157,1283,1752,1,1,1,1,-165,0
577,160,1240,1579,1,1,1,1,-113,0
578,168,1251,1531,1,1,1,1,-83,0
582,173,1309,1504,1,1,1,1,-75,0
588,171,1365,1579,1,1,1,1,-93,0
593,165,1365,1621,1,1,1,1,-97,0
593,160,1355,1637,1,1,1,1,-97,0
591,160,1323,1645,1,1,1,1,-108,0
590,160,1307,1661,1,1,1,1,-130,0
591,165,1269,1736,1,1,1,1,-153,0
593,165,1253,1755,1,1,1,1,-169,0
593,165,1232,1744,1,1,1,1,-169,0
594,171,1216,1707,1,1,1,1,-121,0
594,176,1192,1680,1,1,1,1,-121,0
595,176,1187,1648,1,1,1,1,-99,0
595,165,1197,1637,1,1,1,1,-105,0
596,240,1211,1621,1,1,1,1,-94,0
597,341,1240,1656,1,1,1,1,-68,0
598,341,1251,1635,1,1,1,1,-56,0
599,256,1256,1619,1,1,1,1,-38,0
599,144,1248,1584,1,1,1,1,-56,0
598,133,1248,1531,1,1,1,1,-62,0
597,133,1227,1653,1,1,1,1,-86,0
596,133,1211,1701,1,1,1,1,-110,0
596,133,1195,1904,1,1,1,1,-137,0
597,131,1205,1899,1,1,1,1,-122,0
596,131,1216,1920,1,1,1,1,-137,0
596,131,1216,1909,1,1,1,1,-137,0
595,128,1216,1925,1,1,1,1,-148,0
595,128,1216,2005,1,1,1,1,-148,0
595,144,1280,2048,1,1,1,1,-148,0
594,176,1307,1989,1,1,1,1,-148,0
593,176,1296,1904,1,1,1,1,-177,0
590,160,1245,1851,1,1,1,1,-177,0
589,128,1229,1824,1,1,1,1,-177,0
588,165,1256,1904,1,1,1,1,-177,0
588,176,1256,1925,1,1,1,1,-177,0
589,192,1219,2096,1,1,1,1,-177,0
571,208,1408,2016,1,1,1,1,-109,0
574,232,1408,1880,1,1,1,1,-167,0
577,219,1408,1765,1,1,1,1,-167,0
583,213,1413,1691,1,1,1,1,-121,0
586,192,1416,1664,1,1,1,1,-111,0
588,198,1436,1720,1,1,1,1,-139,0
590,198,1472,1712,1,1,1,1,-118,0
593,196,1499,1691,1,1,1,1,-46,0
599,205,1541,1659,1,1,1,1,-1,0
604,205,1523,1723,1,1,1,1,68,1
610,205,1469,1792,1,1,1,1,132,1
614,201,1424,1816,1,1,1,1,223,1
618,281,1445,1739,1,1,1,1,279,1
615,340,1483,1787,1,1,1,1,326,1
611,416,1467,2040,1,1,1,1,255,1
605,416,1424,1915,1,1,1,1,215,1
588,192,1504,1688,1,1,1,1,-39,0
584,184,1496,1732,1,1,1,1,-41,0
584,181,1472,1709,1,1,1,1,-99,0
582,179,1403,1760,1,1,1,1,-166,0
586,173,1397,1773,1,1,1,1,-166,0
590,187,1467,1773,1,1,1,1,-152,0
596,216,1576,1739,1,1,1,1,-29,0
599,232,1621,1760,1,1,1,1,-31,0
604,229,1600,1845,1,1,1,1,76,1
607,213,1571,1912,1,1,1,1,101,1
611,224,1557,1915,1,1,1,1,169,1
614,235,1547,1813,1,1,1,1,251,1
617,251,1563,1680,1,1,1,1,281,1
620,256,1584,1632,1,1,1,1,281,1
619,259,1621,1667,1,1,1,1,281,1
618,275,1643,1720,1,1,1,1,289,1
613,275,1653,1683,1,1,1,1,258,1
611,277,1648,1680,1,1,1,1,184,1
609,256,1648,1781,1,1,1,1,147,1
609,256,1648,1797,1,1,1,1,147,1
608,299,1637,1899,1,1,1,1,124,1
609,352,1664,1899,1,1,1,1,153,1
609,413,1717,1965,1,1,1,1,229,1
610,435,1784,1971,1,1,1,1,264,1
609,440,1800,1875,1,1,1,1,290,1
608,459,1768,1803,1,1,1,1,271,1
607,491,1739,1728,1,1,1,1,277,1
606,469,1707,1787,1,1,1,1,266,1
606,437,1675,1877,1,1,1,1,255,1
606,379,1659,1883,1,1,1,1,106,1
606,379,1627,1797,1,1,1,1,109,1
607,400,1632,1787,1,1,1,1,207,1
608,400,1611,1733,1,1,1,1,198,1
609,405,1616,1760,1,1,1,1,238,1
606,341,1557,1712,1,1,1,1,105,1
604,347,1525,1813,1,1,1,1,92,1
601,331,1488,1856,1,1,1,1,-18,0
600,352,1483,1909,1,1,1,1,-1,0
601,352,1483,1819,1,1,1,1,-1,0
602,341,1467,1733,1,1,1,1,-56,0
0,0,0,0,0,0,0,0,-17,0
0,256,832,2800,0,1,1,1,-155,0
583,264,856,2960,1,1,1,1,-215,0
583,256,896,2971,1,1,1,1,-205,0
583,245,880,2928,1,1,1,1,-205,0
0,245,896,2757,0,1,1,1,-155,0
580,240,827,2613,1,1,1,1,-205,0
580,261,869,2448,1,1,1,1,-215,0
580,256,827,2411,1,1,1,1,-205,0
0,251,880,2368,0,1,1,1,-155,0
585,245,912,2315,1,1,1,1,-205,0
585,272,1003,2224,1,1,1,1,-215,0
585,288,1029,2208,1,1,1,1,-215,0
0,277,1013,2400,0,1,1,1,-165,0
578,251,987,2400,1,1,1,1,-205,0
578,237,973,2576,1,1,1,1,-205,0
578,211,963,2568,1,1,1,1,-205,0
0,188,948,2568,0,1,1,1,-126,0
0,0,0,0,0,0,0,0,-17,0
0,320,1168,2016,0,1,1,1,-122,0
0,320,1328,1952,0,1,1,1,-112,0
585,320,1392,1941,1,1,1,1,-162,0
585,320,1504,1904,1,1,1,1,-86,0
585,320,1520,1920,1,1,1,1,-79,0
586,352,1264,1760,1,1,1,1,-83,0
586,352,1264,1760,1,1,1,1,-83,0
586,320,1232,1888,1,1,1,1,-173,0
0,288,1200,2016,0,1,1,1,-128,0
0,288,1200,2016,0,1,1,1,-128,0
577,240,1072,2096,1,1,1,1,-196,0
577,224,928,2080,1,1,1,1,-205,0
577,235,896,2016,1,1,1,1,-205,0
0,229,907,2069,0,1,1,1,-155,0
578,267,1008,2133,1,1,1,1,-215,0
578,251,1072,2181,1,1,1,1,-196,0
578,224,1088,2123,1,1,1,1,-196,0
0,197,1125,2016,0,1,1,1,-138,0
579,213,1173,1979,1,1,1,1,-188,0
579,224,1147,1899,1,1,1,1,-188,0
579,224,1141,1824,1,1,1,1,-188,0
0,219,1093,1803,0,1,1,1,-146,0
583,235,1147,1797,1,1,1,1,-192,0
583,219,1125,1941,1,1,1,1,-192,0
583,219,1200,2016,1,1,1,1,-187,0
0,213,1157,2160,0,1,1,1,-138,0
595,288,1216,2208,1,1,1,1,-158,0
595,293,1216,2251,1,1,1,1,-158,0
595,315,1232,2208,1,1,1,1,-159,0
0,256,1243,2171,0,1,1,1,-128,0
595,251,1296,2059,1,1,1,1,-158,0
595,245,1323,1936,1,1,1,1,-158,0
595,251,1280,1909,1,1,1,1,-158,0
0,235,1221,2011,0,1,1,1,-128,0
603,245,1285,2112,1,1,1,1,-13,0
603,256,1312,2197,1,1,1,1,0,1
603,277,1413,2133,1,1,1,1,0,1
0,256,1403,2171,0,1,1,1,-117,0
596,235,1429,2069,1,1,1,1,-151,0
596,229,1381,2064,1,1,1,1,-151,0
596,256,1365,2048,1,1,1,1,-151,0
0,315,1365,2101,0,1,1,1,-112,0
600,304,1360,2203,1,1,1,1,-88,0
600,283,1355,2155,1,1,1,1,-88,0
600,240,1365,2107,1,1,1,1,-93,0
0,245,1339,2027,0,1,1,1,-128,0
0,240,1349,2096,0,1,1,1,-117,0
596,197,1317,2171,1,1,1,1,-155,0
596,192,1317,2325,1,1,1,1,-145,0
596,192,1291,2421,1,1,1,1,-145,0
595,213,1339,2488,1,1,1,1,-158,0
595,219,1323,2480,1,1,1,1,-158,0
595,240,1349,0,1,1,1,0,15,1
0,0,0,0,0,0,0,0,-17,0
590,320,1760,1504,1,1,1,1,93,1
590,312,1728,1520,1,1,1,1,94,1
589,315,1701,1525,1,1,1,1,57,1
587,315,1632,1541,1,1,1,1,23,1
586,309,1563,1573,1,1,1,1,16,1
583,277,1488,1483,1,1,1,1,19,1
581,261,1440,1504,1,1,1,1,-47,0
580,240,1408,1456,1,1,1,1,-18,0
582,216,1373,1504,1,1,1,1,-51,0
585,195,1363,1464,1,1,1,1,-22,0
586,189,1347,1509,1,1,1,1,-62,0
587,232,1397,1595,1,1,1,1,-97,0
0,244,1411,1556,0,1,1,1,-40,0
594,255,1405,1503,1,1,1,1,-37,0
594,263,1379,1471,1,1,1,1,-20,0
594,277,1347,1517,1,1,1,1,-41,0
0,283,1352,1488,0,1,1,1,-11,0
588,261,1315,1488,1,1,1,1,-75,0
588,272,1312,1547,1,1,1,1,-75,0
588,293,1296,1595,1,1,1,1,-114,0
0,299,1312,1541,0,1,1,1,-20,0
590,283,1307,1483,1,1,1,1,-52,0
590,251,1333,1507,1,1,1,1,-70,0
590,240,1349,1533,1,1,1,1,-58,0
0,224,1381,1539,0,1,1,1,-11,0
584,232,1360,1531,1,1,1,1,-51,0
566,248,928,2240,1,1,1,1,-112,0
566,252,976,2056,1,1,1,1,-112,0
578,275,997,2032,1,1,1,1,-215,0
589,267,1013,1904,1,1,1,1,-215,0
589,267,965,1920,1,1,1,1,-215,0
588,240,912,1872,1,1,1,1,-205,0
588,251,880,1792,1,1,1,1,-205,0
588,224,923,1771,1,1,1,1,-205,0
0,224,928,1744,0,1,1,1,-155,0
0,229,923,1797,0,1,1,1,-155,0
587,272,875,1776,1,1,1,1,-215,0
587,293,944,1813,1,1,1,1,-215,0
587,288,944,1840,1,1,1,1,-215,0
0,288,971,1835,0,1,1,1,-165,0
585,283,869,1728,1,1,1,1,-191,0
585,304,880,1616,1,1,1,1,-154,0
585,288,864,1600,1,1,1,1,-154,0
0,304,901,1600,0,1,1,1,-123,0
588,304,923,1616,1,1,1,1,-154,0
588,309,955,1560,1,1,1,1,-140,0
588,299,944,1568,1,1,1,1,-154,0
0,283,923,0,0,1,1,0,-60,0
585,288,923,0,1,1,1,0,-52,0
585,267,923,0,1,1,1,0,-67,0
585,251,987,0,1,1,1,0,-57,0
0,267,1019,0,0,1,1,0,-60,0
0,309,1120,0,0,1,1,0,-14,0
613,389,1168,0,1,1,1,0,410,1
593,272,1200,1872,1,1,1,1,-187,0
593,296,1180,1832,1,1,1,1,-187,0
593,309,1192,1832,1,1,1,1,-187,0
593,352,1208,1824,1,1,1,1,-86,0
593,331,1232,1752,1,1,1,1,-165,0
593,325,1243,1717,1,1,1,1,-143,0
0,293,1264,1653,0,1,1,1,-103,0
593,293,1264,1637,1,1,1,1,-126,0
593,283,1272,1627,1,1,1,1,-126,0
593,288,1272,1616,1,1,1,1,-126,0
0,277,1240,1616,0,1,1,1,-86,0
591,288,1227,1616,1,1,1,1,-126,0
591,304,1189,1648,1,1,1,1,-130,0
589,341,1216,1685,1,1,1,1,-124,0
588,384,1259,1733,1,1,1,1,-25,0
588,384,1264,1733,1,1,1,1,-25,0
589,352,1221,1685,1,1,1,1,-57,0
589,341,1173,1712,1,1,1,1,-140,0
0,336,1136,1723,0,1,1,1,-111,0
591,379,1125,1845,1,1,1,1,-60,0
591,368,1120,1813,1,1,1,1,-75,0
591,373,1131,1803,1,1,1,1,-60,0
0,384,1216,1717,0,1,1,1,19,1
587,336,1163,1760,1,1,1,1,-178,0
587,315,1109,1803,1,1,1,1,-193,0
587,277,1040,1872,1,1,1,1,-215,0
0,283,1104,1872,0,1,1,1,-156,0
586,277,1125,1819,1,1,1,1,-192,0
586,256,1056,1824,1,1,1,1,-205,0
586,235,992,1808,1,1,1,1,-205,0
0,219,976,1877,0,1,1,1,-155,0
587,208,1029,1883,1,1,1,1,-205,0
587,213,1013,1867,1,1,1,1,-205,0
587,229,1035,1848,1,1,1,1,-205,0
0,251,1029,1736,0,1,1,1,-150,0
586,299,1099,1696,1,1,1,1,-171,0
586,309,1131,1784,1,1,1,1,-192,0
586,325,1211,1872,1,1,1,1,-173,0
0,331,1291,1968,0,1,1,1,-112,0
0,347,1355,2064,0,1,1,1,-76,0
596,341,1403,1768,1,1,1,1,-137,0
596,347,1323,1472,1,1,1,1,13,1
596,331,1232,1712,1,1,1,1,-111,0
595,357,1173,1952,1,1,1,1,-66,0
0,344,1176,1952,0,1,1,1,-114,0
0,368,1280,0,0,1,1,0,77,1
0,0,0,0,0,0,0,0,-17,0
590,288,1280,1952,1,1,1,1,-187,0
590,288,1280,1952,1,1,1,1,-187,0
590,288,1280,1952,1,1,1,1,-187,0
0,0,0,0,0,0,0,0,-17,0
0,0,0,0,0,0,0,0,-17,0
0,336,1440,1776,0,1,1,1,-94,0
0,344,1376,1704,0,1,1,1,-59,0
599,352,1376,1675,1,1,1,1,-19,0
599,357,1349,1680,1,1,1,1,-19,0
599,352,1371,1797,1,1,1,1,-30,0
0,341,1355,1877,0,1,1,1,-101,0
592,331,1339,1893,1,1,1,1,-173,0
592,325,1328,1888,1,1,1,1,-173,0
592,368,1355,1877,1,1,1,1,-74,0
0,411,1376,1856,0,1,1,1,65,1
601,437,1387,1813,1,1,1,1,126,1
601,432,1387,1872,1,1,1,1,116,1
601,411,1392,2027,1,1,1,1,71,1
0,411,1387,2016,0,1,1,1,71,1
596,363,1365,2069,1,1,1,1,-56,0
596,352,1355,1973,1,1,1,1,-72,0
596,328,1339,2053,1,1,1,1,-141,0
0,344,1339,1984,0,1,1,1,-104,0
0,344,1349,2011,0,1,1,1,-101,0
593,331,1360,1995,1,1,1,1,-169,0
593,320,1360,2027,1,1,1,1,-169,0
593,320,1333,1979,1,1,1,1,-173,0
592,341,1333,2048,1,1,1,1,-165,0
592,352,1323,2101,1,1,1,1,-97,0
592,341,1333,2064,1,1,1,1,-165,0
0,341,1339,1904,0,1,1,1,-104,0
593,368,1360,1744,1,1,1,1,-71,0
593,347,1339,1685,1,1,1,1,-77,0
593,336,1323,1669,1,1,1,1,-120,0
0,331,1296,1595,0,1,1,1,-57,0
598,363,1301,1600,1,1,1,1,-1,0
0,224,1344,1808,0,1,1,1,-128,0
0,224,1300,1828,0,1,1,1,-128,0
0,224,1224,1795,0,1,1,1,-128,0
0,224,1203,1971,0,1,1,1,-128,0
0,240,1227,2112,0,1,1,1,-128,0
0,256,1333,2176,0,1,1,1,-128,0
0,256,1376,2064,0,1,1,1,-117,0
0,240,1376,1947,0,1,1,1,-117,0
574,245,1371,1851,1,1,1,1,-167,0
574,261,1349,1771,1,1,1,1,-167,0
574,267,1349,1696,1,1,1,1,-112,0
0,288,1355,1723,0,1,1,1,-92,0
588,277,1328,1659,1,1,1,1,-140,0
588,288,1301,1611,1,1,1,1,-114,0
588,277,1280,1560,1,1,1,1,-116,0
0,309,1280,1552,0,1,1,1,-41,0
581,331,1291,0,1,1,1,0,3,1
581,315,1269,0,1,1,1,0,-10,0
581,315,1291,0,1,1,1,0,8,1
608,200,1280,2304,1,1,1,1,121,1
608,228,1232,2232,1,1,1,1,141,1
608,232,1221,2256,1,1,1,1,141,1
0,261,1211,2347,0,1,1,1,-128,0
0,280,1275,2357,0,1,1,1,-128,0
594,307,1253,2309,1,1,1,1,-158,0
594,296,1253,2251,1,1,1,1,-158,0
594,261,1205,2213,1,1,1,1,-158,0
603,251,1243,2069,1,1,1,1,5,1
603,240,1275,2096,1,1,1,1,-3,0
603,240,1296,2128,1,1,1,1,-8,0
0,219,1371,2405,0,1,1,1,-117,0
584,235,1403,2507,1,1,1,1,-176,0
584,251,1397,2571,1,1,1,1,-176,0
584,259,1360,2491,1,1,1,1,-176,0
0,248,1339,2437,0,1,1,1,-128,0
597,248,1413,2539,1,1,1,1,-146,0
597,277,1472,2571,1,1,1,1,-133,0
597,293,1520,2555,1,1,1,1,-77,0
608,320,1557,2517,1,1,1,1,222,1
608,325,1621,2453,1,1,1,1,205,1
608,352,1664,2528,1,1,1,1,227,1
605,360,1688,2512,1,1,1,1,194,1
605,352,1672,2720,1,1,1,1,191,1
605,336,1696,2640,1,1,1,1,186,1
612,336,1632,2640,1,1,1,1,304,1
612,328,1592,2640,1,1,1,1,294,1
612,309,1573,2576,1,1,1,1,283,1
599,293,1579,2552,1,1,1,1,-26,0
599,283,1568,2480,1,1,1,1,-26,0
599,309,1579,2421,1,1,1,1,-26,0
603,320,1541,2480,1,1,1,1,38,1
603,315,1477,2517,1,1,1,1,18,1
603,304,1451,2608,1,1,1,1,0,1
0,296,1440,2448,0,1,1,1,-110,0
0,312,1464,2416,0,1,1,1,-91,0
601,280,1416,2384,1,1,1,1,-88,0
601,280,1416,2384,1,1,1,1,-88,0
601,256,1392,2352,1,1,1,1,-88,0
586,208,1008,2120,1,1,1,1,-205,0
586,220,1076,1920,1,1,1,1,-196,0
586,237,1059,2005,1,1,1,1,-196,0
0,264,1085,1923,0,1,1,1,-156,0
0,275,1061,1923,0,1,1,1,-156,0
0,269,1083,1789,0,1,1,1,-156,0
0,248,1024,1821,0,1,1,1,-155,0
588,272,987,1861,1,1,1,1,-215,0
588,277,923,1989,1,1,1,1,-215,0
588,291,995,2024,1,1,1,1,-215,0
0,269,1000,2061,0,1,1,1,-165,0
593,269,1016,1997,1,1,1,1,-201,0
593,277,981,1947,1,1,1,1,-201,0
593,299,1024,1931,1,1,1,1,-201,0
0,315,1067,1920,0,1,1,1,-141,0
0,320,1083,1984,0,1,1,1,-130,0
586,309,1061,2005,1,1,1,1,-206,0
586,299,1067,2048,1,1,1,1,-206,0
586,293,1077,2016,1,1,1,1,-206,0
588,325,1077,2021,1,1,1,1,-182,0
588,331,1067,2021,1,1,1,1,-182,0
588,336,1051,2016,1,1,1,1,-191,0
0,299,1040,2016,0,1,1,1,-165,0
592,299,1008,2000,1,1,1,1,-201,0
592,288,981,2027,1,1,1,1,-201,0
592,280,1000,2003,1,1,1,1,-201,0
0,275,1064,1944,0,1,1,1,-156,0
0,269,1117,1885,0,1,1,1,-138,0
0,277,1136,1909,0,1,1,1,-138,0
591,277,1184,1944,1,1,1,1,-187,0
591,288,1243,2003,1,1,1,1,-187,0
597,299,1301,1912,1,1,1,1,-150,0
603,312,1309,1992,1,1,1,1,-5,0
603,325,1320,1941,1,1,1,1,0,1
0,336,1347,2037,0,1,1,1,-112,0
588,328,1323,1933,1,1,1,1,-173,0
588,315,1325,1941,1,1,1,1,-184,0
588,312,1299,1885,1,1,1,1,-187,0
0,323,1341,1901,0,1,1,1,-112,0
604,349,1349,1859,1,1,1,1,87,1
604,357,1365,1872,1,1,1,1,87,1
604,357,1355,1899,1,1,1,1,87,1
0,352,1344,1936,0,1,1,1,-47,0
0,0,0,0,0,0,0,0,-17,0
0,336,1136,2048,0,1,1,1,-122,0
0,288,1144,2136,0,1,1,1,-138,0
573,293,1163,2144,1,1,1,1,-157,0
573,261,1195,2171,1,1,1,1,-147,0
573,261,1168,2245,1,1,1,1,-157,0
0,261,1136,2293,0,1,1,1,-138,0
587,267,1088,2304,1,1,1,1,-206,0
587,272,1051,2277,1,1,1,1,-215,0
587,245,1019,2299,1,1,1,1,-205,0
0,283,981,2395,0,1,1,1,-165,0
596,325,981,2437,1,1,1,1,-131,0
596,357,992,2491,1,1,1,1,-70,0
596,405,1011,2432,1,1,1,1,17,1
0,416,1016,2363,0,1,1,1,48,1
0,512,1011,2261,0,1,1,1,82,1
0,320,1013,2320,0,1,1,1,-139,0
597,320,1093,2509,1,1,1,1,-121,0
597,379,1237,2904,1,1,1,1,-7,0
597,408,1275,2632,1,1,1,1,26,1
574,496,1237,2461,1,1,1,1,48,1
574,0,1128,2131,1,0,1,1,-117,0
574,0,1099,2331,1,0,1,1,-135,0
0,0,1152,2397,0,0,1,1,-89,0
0,0,1155,2429,0,0,1,1,-89,0
0,0,0,0,0,0,0,0,-17,0
569,384,1504,1664,1,1,1,1,62,1
569,352,1464,1672,1,1,1,1,22,1
569,320,1461,1648,1,1,1,1,-13,0
0,293,1419,1653,0,1,1,1,-72,0
0,309,1424,1632,0,1,1,1,-50,0
0,325,1419,1669,0,1,1,1,-59,0
559,336,1435,1659,1,1,1,1,-19,0
559,325,1408,1717,1,1,1,1,-30,0
559,336,1392,1675,1,1,1,1,-19,0
0,347,1381,1717,0,1,1,1,-49,0
567,357,1387,1643,1,1,1,1,25,1
567,368,1384,1672,1,1,1,1,22,1
567,368,1416,1680,1,1,1,1,28,1
0,368,1456,1792,0,1,1,1,-12,0
565,360,1408,1800,1,1,1,1,1,1
565,352,1360,1808,1,1,1,1,-24,0
565,304,1376,1776,1,1,1,1,-109,0
0,0,0,0,0,0,0,0,-17,0
0,304,1152,2272,0,1,1,1,-138,0
0,344,1200,2360,0,1,1,1,-104,0
599,341,1157,2360,1,1,1,1,-55,0
599,368,1109,2224,1,1,1,1,7,1
599,347,1045,2016,1,1,1,1,-42,0
0,283,1019,1984,0,1,1,1,-165,0
600,251,1040,1984,1,1,1,1,-56,0
600,224,1013,1915,1,1,1,1,-56,0
600,261,997,1920,1,1,1,1,-56,0
0,261,949,1824,0,1,1,1,-165,0
0,240,896,1920,0,1,1,1,-155,0
0,224,885,1893,0,1,1,1,-155,0
581,197,880,2000,1,1,1,1,-205,0
581,208,912,1944,1,1,1,1,-205,0
581,208,912,2032,1,1,1,1,-205,0
0,0,0,0,0,0,0,0,-17,0
0,0,0,0,0,0,0,0,-17,0
0,0,0,0,0,0,0,0,-17,0
0,192,0,0,0,1,0,0,5,1
583,208,1280,1616,1,1,1,1,-126,0
583,213,1148,1744,1,1,1,1,-184,0
584,219,1245,1680,1,1,1,1,-152,0
586,251,1299,1819,1,1,1,1,-187,0
589,280,1360,1832,1,1,1,1,-183,0
591,304,1269,1963,1,1,1,1,-187,0
592,304,1184,1872,1,1,1,1,-187,0
594,275,1221,1875,1,1,1,1,-158,0
596,251,1280,1872,1,1,1,1,-155,0
598,272,1296,1979,1,1,1,1,-150,0
599,309,1285,1872,1,1,1,1,-93,0
599,379,1280,1920,1,1,1,1,6,1
599,336,1280,1909,1,1,1,1,-79,0
601,331,1280,1995,1,1,1,1,-79,0
603,309,1227,1904,1,1,1,1,18,1
603,341,1243,1760,1,1,1,1,23,1
603,336,1205,1749,1,1,1,1,23,1
604,325,1211,1739,1,1,1,1,107,1
605,341,1205,1824,1,1,1,1,120,1
606,357,1216,1824,1,1,1,1,129,1
606,357,1227,1813,1,1,1,1,129,1
606,357,1221,1769,1,1,1,1,132,1
606,357,1264,1705,1,1,1,1,132,1
588,336,1285,1695,1,1,1,1,-120,0
588,320,1280,1605,1,1,1,1,-111,0
588,304,1259,1573,1,1,1,1,-122,0
0,293,1237,1515,0,1,1,1,-32,0
588,309,1264,1563,1,1,1,1,-108,0
588,336,1477,1573,1,1,1,1,-65,0
588,400,1755,1509,1,1,1,1,167,1
0,395,1968,1419,0,1,1,1,282,1
598,384,1691,1387,1,1,1,1,227,1
598,373,1349,1429,1,1,1,1,103,1
0,0,0,0,0,0,0,0,-17,0
600,0,1472,1488,1,0,1,1,36,1
599,256,1480,1408,1,1,1,1,50,1
599,264,1456,1504,1,1,1,1,-10,0
597,256,1445,1531,1,1,1,1,-29,0
0,256,1424,1632,0,1,1,1,-50,0
596,224,1464,1512,1,1,1,1,-20,0
596,208,1488,1456,1,1,1,1,28,1
596,232,1440,1520,1,1,1,1,-34,0
0,256,1392,1584,0,1,1,1,-46,0
0,240,1392,1568,0,1,1,1,-46,0
0,224,1392,1552,0,1,1,1,-13,0
597,248,1464,1536,1,1,1,1,-20,0
597,272,1536,1520,1,1,1,1,26,1
598,272,1392,1600,1,1,1,1,-68,0
599,264,1288,1592,1,1,1,1,-56,0
599,277,1323,1659,1,1,1,1,-82,0
0,277,1355,1611,0,1,1,1,-50,0
0,293,1365,1627,0,1,1,1,-50,0
0,288,1360,1552,0,1,1,1,-5,0
603,288,1376,1563,1,1,1,1,31,1
600,277,1349,1605,1,1,1,1,-43,0
597,267,1296,1664,1,1,1,1,-111,0
593,251,1221,1723,1,1,1,1,-163,0
591,240,1259,1829,1,1,1,1,-187,0
590,232,1280,1872,1,1,1,1,-187,0
591,232,1320,1832,1,1,1,1,-187,0
591,256,1264,1728,1,1,1,1,-163,0
591,261,1275,1712,1,1,1,1,-163,0
0,283,1269,1707,0,1,1,1,-112,0
595,272,1216,1643,1,1,1,1,-109,0
595,277,1189,1584,1,1,1,1,-101,0
595,267,1211,1552,1,1,1,1,-68,0
0,267,1237,1496,0,1,1,1,-47,0
0,272,1264,1488,0,1,1,1,-47,0
0,256,1179,1432,0,1,1,1,-40,0
0,235,1157,1416,0,1,1,1,-40,0
0,216,1101,1387,0,1,1,1,-41,0
585,224,1117,1488,1,1,1,1,-92,0
585,240,1160,1493,1,1,1,1,-92,0
580,192,1072,1568,1,1,1,1,-116,0
580,204,1064,1580,1,1,1,1,-135,0
580,221,1077,1597,1,1,1,1,-135,0
582,229,1083,1779,1,1,1,1,-196,0
582,216,1099,1893,1,1,1,1,-196,0
582,196,1131,1995,1,1,1,1,-163,0
0,176,1189,1893,0,1,1,1,-118,0
596,288,1237,1749,1,1,1,1,-147,0
596,320,1280,1691,1,1,1,1,-108,0
596,347,1307,1627,1,1,1,1,-55,0
0,379,1344,1680,0,1,1,1,11,1
590,408,1376,1648,1,1,1,1,27,1
590,389,1424,1661,1,1,1,1,-19,0
590,389,1520,1699,1,1,1,1,16,1
0,355,1595,1768,0,1,1,1,14,1
588,341,1621,1819,1,1,1,1,-86,0
588,309,1579,1829,1,1,1,1,-100,0
588,304,1531,1808,1,1,1,1,-100,0
0,352,1483,1787,0,1,1,1,5,1
586,357,1488,1829,1,1,1,1,-37,0
586,376,1480,1840,1,1,1,1,-34,0
0,0,0,0,0,0,0,0,-17,0
0,464,1552,1664,0,1,1,1,135,1
0,488,1632,1928,0,1,1,1,136,1
0,491,1637,1845,0,1,1,1,136,1
0,485,1723,1851,0,1,1,1,156,1
604,485,1819,1680,1,1,1,1,311,1
604,507,1893,1813,1,1,1,1,319,1
604,539,1856,1925,1,1,1,1,299,1
0,517,1803,2048,0,1,1,1,183,1
0,539,2053,1800,0,1,1,1,196,1
0,536,2259,1556,0,1,1,1,253,1
0,499,2419,1661,0,1,1,1,202,1
0,403,2232,1741,0,1,1,1,147,1
600,400,2203,1840,1,1,1,1,137,1
600,469,2123,1765,1,1,1,1,220,1
600,491,2096,1736,1,1,1,1,232,1
0,472,2032,1648,0,1,1,1,226,1
0,472,1776,1488,0,1,1,1,232,1
0,512,1704,1672,0,1,1,1,160,1
0,515,1701,1621,0,1,1,1,214,1
0,525,1760,1611,0,1,1,1,221,1
581,493,1675,1440,1,1,1,1,294,1
581,469,1603,1600,1,1,1,1,176,1
581,336,1480,1643,1,1,1,1,-63,0
0,312,1405,1787,0,1,1,1,-117,0
573,168,1296,1653,1,1,1,1,-92,0
573,104,1195,1635,1,1,1,1,-97,0
573,165,1072,1533,1,1,1,1,-61,0
0,203,1008,1464,0,1,1,1,-61,0
565,293,1003,1483,1,1,1,1,30,1
565,304,1029,1499,1,1,1,1,7,1
565,320,1099,1499,1,1,1,1,23,1
0,320,1144,1421,0,1,1,1,-5,0
579,320,1213,1443,1,1,1,1,-15,0
579,320,1187,1480,1,1,1,1,-33,0
579,320,1211,1621,1,1,1,1,-107,0
580,320,1163,1568,1,1,1,1,-112,0
580,320,1221,1627,1,1,1,1,-107,0
580,320,1120,1541,1,1,1,1,-62,0
0,320,1168,1696,0,1,1,1,-100,0
582,320,1067,1637,1,1,1,1,-120,0
582,320,1104,1627,1,1,1,1,-120,0
582,320,1029,1493,1,1,1,1,-79,0
0,320,1067,1595,0,1,1,1,-87,0
577,320,1040,1627,1,1,1,1,-129,0
577,320,1024,1717,1,1,1,1,-161,0
577,320,987,1717,1,1,1,1,-161,0
577,320,976,1669,1,1,1,1,-150,0
577,320,971,1627,1,1,1,1,-129,0
577,291,968,1544,1,1,1,1,-104,0
0,237,1053,1384,0,1,1,1,-50,0
0,184,1176,1144,0,1,1,1,-10,0
0,160,1280,923,0,1,1,1,-19,0
0,160,1312,904,0,1,1,1,-1,0
0,160,1184,928,0,1,1,1,-19,0
0,160,1104,960,0,1,1,1,-22,0
0,160,1080,904,0,1,1,1,-22,0
0,0,0,0,0,0,0,0,-17,0
0,272,1344,2560,0,1,1,1,-128,0
0,264,1360,2496,0,1,1,1,-117,0
0,264,1371,2608,0,1,1,1,-117,0
573,280,1387,2693,1,1,1,1,-136,0
573,288,1392,2768,1,1,1,1,-136,0
573,256,1381,2645,1,1,1,1,-136,0
0,245,1371,2555,0,1,1,1,-117,0
596,200,1536,1872,1,1,1,1,-77,0
596,212,1556,1924,1,1,1,1,-77,0
596,216,1549,1909,1,1,1,1,-77,0
0,224,1556,1928,0,1,1,1,-40,0
597,224,1556,1888,1,1,1,1,-77,0
597,224,1596,1876,1,1,1,1,-77,0
597,224,1608,1837,1,1,1,1,-77,0
0,232,1613,1763,0,1,1,1,-40,0
0,248,1592,1699,0,1,1,1,-8,0
598,295,1565,1611,1,1,1,1,15,1
600,340,1568,1565,1,1,1,1,51,1
600,372,1589,1523,1,1,1,1,86,1
603,368,1616,1584,1,1,1,1,94,1
606,352,1611,1659,1,1,1,1,109,1
606,363,1616,1685,1,1,1,1,109,1
606,347,1616,1632,1,1,1,1,109,1
0,363,1621,1547,0,1,1,1,99,1
588,347,1621,1573,1,1,1,1,45,1
588,368,1621,1685,1,1,1,1,6,1
588,373,1621,1787,1,1,1,1,-9,0
0,368,1600,1808,0,1,1,1,22,1
592,363,1584,1755,1,1,1,1,-15,0
592,373,1600,1856,1,1,1,1,-12,0
592,411,1627,1936,1,1,1,1,56,1
0,421,1637,1957,0,1,1,1,92,1
591,405,1643,1899,1,1,1,1,49,1
591,389,1621,1808,1,1,1,1,-6,0
591,411,1611,1835,1,1,1,1,56,1
0,416,1552,1685,0,1,1,1,96,1
592,421,1515,1680,1,1,1,1,83,1
592,421,1477,1659,1,1,1,1,62,1
592,427,1467,1739,1,1,1,1,62,1
0,432,1467,1781,0,1,1,1,108,1
590,395,1461,1808,1,1,1,1,-9,0
590,368,1461,1851,1,1,1,1,-56,0
590,336,1445,1819,1,1,1,1,-169,0
0,341,1435,1792,0,1,1,1,-94,0
583,347,1424,1787,1,1,1,1,-114,0
583,352,1424,1840,1,1,1,1,-77,0
0,0,0,0,0,0,0,0,-17,0
0,208,1584,1536,0,1,1,1,42,1
577,180,1504,1580,1,1,1,1,15,1
577,189,1504,1661,1,1,1,1,-15,0
577,180,1464,1724,1,1,1,1,-84,0
622,192,1524,1772,1,1,1,1,281,1
615,168,1580,1724,1,1,1,1,281,1
612,203,1592,1651,1,1,1,1,158,1
600,208,1595,1600,1,1,1,1,33,1
597,203,1573,1499,1,1,1,1,26,1
590,208,1552,1493,1,1,1,1,11,1
593,229,1547,1477,1,1,1,1,23,1
593,288,1568,1584,1,1,1,1,9,1
0,277,1632,1701,0,1,1,1,-8,0
0,245,1707,1851,0,1,1,1,-21,0
628,208,1723,1909,1,1,1,1,281,1
622,192,1696,1941,1,1,1,1,283,1
622,229,1659,1867,1,1,1,1,281,1
611,288,1659,1808,1,1,1,1,184,1
605,293,1653,1776,1,1,1,1,99,1
605,272,1643,1835,1,1,1,1,99,1
0,235,1637,1851,0,1,1,1,-40,0
631,229,1717,1979,1,1,1,1,281,1
631,224,1776,2037,1,1,1,1,281,1
627,197,1787,2128,1,1,1,1,281,1
622,203,1712,2064,1,1,1,1,281,1
614,219,1680,2037,1,1,1,1,251,1
605,240,1675,2037,1,1,1,1,91,1
600,256,1659,1861,1,1,1,1,-31,0
594,264,1643,1723,1,1,1,1,-29,0
594,264,1637,1584,1,1,1,1,24,1
622,256,1808,1621,1,1,1,1,291,1
622,256,1840,1611,1,1,1,1,291,1
622,224,1909,1605,1,1,1,1,295,1
0,208,1744,1600,0,1,1,1,101,1
594,208,1659,1552,1,1,1,1,24,1
594,192,1552,1552,1,1,1,1,24,1
593,192,1539,1579,1,1,1,1,9,1
592,192,1539,1659,1,1,1,1,-24,0
589,192,1496,1685,1,1,1,1,-46,0
585,192,1456,1733,1,1,1,1,-122,0
589,203,1435,1707,1,1,1,1,-128,0
593,213,1467,1728,1,1,1,1,-118,0
593,235,1499,1685,1,1,1,1,-56,0
605,245,1579,1787,1,1,1,1,91,1
605,267,1632,1888,1,1,1,1,99,1
612,299,1653,2005,1,1,1,1,184,1
0,0,0,0,0,0,0,0,-17,0
0,312,1416,1344,0,1,1,1,38,1
0,300,1412,1312,0,1,1,1,38,1
0,301,1400,1355,0,1,1,1,38,1
610,336,1381,1419,1,1,1,1,173,1
610,341,1365,1531,1,1,1,1,162,1
610,325,1339,1771,1,1,1,1,162,1
0,283,1301,1739,0,1,1,1,-111,0
576,293,1272,1637,1,1,1,1,-117,0
579,287,1184,1364,1,1,1,1,-16,0
579,276,1136,1337,1,1,1,1,-36,0
581,244,1131,1375,1,1,1,1,-36,0
0,243,1120,1429,0,1,1,1,-40,0
0,243,1099,1440,0,1,1,1,-52,0
581,275,1168,1600,1,1,1,1,-127,0
581,299,1243,1589,1,1,1,1,-122,0
581,331,1328,1621,1,1,1,1,-90,0
0,328,1328,1480,0,1,1,1,22,1
0,336,1312,1464,0,1,1,1,23,1
0,320,1280,1440,0,1,1,1,5,1
587,344,1304,1592,1,1,1,1,-91,0
587,368,1328,1744,1,1,1,1,-67,0
587,336,1256,1760,1,1,1,1,-173,0
0,304,1184,1776,0,1,1,1,-128,0
588,320,1272,1912,1,1,1,1,-173,0
588,336,1360,2048,1,1,1,1,-169,0
588,344,1304,1888,1,1,1,1,-165,0
0,352,1248,1728,0,1,1,1,-32,0
0,320,1144,1624,0,1,1,1,-79,0
0,288,1040,1520,0,1,1,1,-73,0
595,280,1040,1632,1,1,1,1,-128,0
595,272,1040,1744,1,1,1,1,-162,0
595,264,1008,1624,1,1,1,1,-128,0
0,256,976,1504,0,1,1,1,-78,0
0,304,1136,1504,0,1,1,1,-42,0
0,360,1256,1456,0,1,1,1,59,1
583,325,1152,1560,1,1,1,1,-102,0
583,312,1080,1560,1,1,1,1,-131,0
583,264,928,1752,1,1,1,1,-207,0
0,272,912,1840,0,1,1,1,-165,0
0,0,0,0,0,0,0,0,-17,0
0,192,1496,2688,0,1,1,1,-33,0
0,176,1524,2640,0,1,1,1,-25,0
0,171,1464,2352,0,1,1,1,-81,0
596,171,1397,1979,1,1,1,1,-141,0
596,181,1312,1584,1,1,1,1,-86,0
596,181,1317,1445,1,1,1,1,-18,0
596,176,1328,1499,1,1,1,1,-46,0
596,165,1349,1733,1,1,1,1,-105,0
596,213,1408,1872,1,1,1,1,-151,0
596,283,1531,1941,1,1,1,1,-77,0
596,309,1563,1840,1,1,1,1,-77,0
595,283,1520,1856,1,1,1,1,-77,0
595,219,1413,1813,1,1,1,1,-154,0
595,213,1403,1925,1,1,1,1,-154,0
591,219,1392,2011,1,1,1,1,-183,0
591,304,1451,2091,1,1,1,1,-183,0
591,368,1435,2043,1,1,1,1,-68,0
0,395,1440,2027,0,1,1,1,33,1
0,411,1403,1984,0,1,1,1,71,1
0,379,1445,1957,0,1,1,1,8,1
604,357,1493,1979,1,1,1,1,91,1
604,245,1557,2080,1,1,1,1,76,1
604,213,1573,2091,1,1,1,1,68,1
596,213,1568,1979,1,1,1,1,-77,0
596,245,1595,1813,1,1,1,1,-77,0
596,256,1621,1717,1,1,1,1,-29,0
0,0,0,0,0,0,0,0,-17,0
0,192,992,1936,0,1,1,1,-126,0
0,192,1168,2146,0,1,1,1,-109,0
587,203,1323,2017,1,1,1,1,-187,0
587,213,1499,1975,1,1,1,1,-114,0
587,211,1533,1760,1,1,1,1,-100,0
610,219,1453,1760,1,1,1,1,134,1
610,176,1384,1728,1,1,1,1,119,1
610,168,1349,1707,1,1,1,1,119,1
0,197,1349,1707,0,1,1,1,-81,0
628,253,1339,1643,1,1,1,1,268,1
621,264,1280,1571,1,1,1,1,272,1
617,227,1168,1411,1,1,1,1,273,1
612,187,1051,1325,1,1,1,1,86,1
597,179,955,1355,1,1,1,1,-67,0
584,173,885,1483,1,1,1,1,-67,0
584,205,859,1637,1,1,1,1,-144,0
0,213,848,1664,0,1,1,1,-139,0
573,213,848,1621,1,1,1,1,-124,0
573,197,848,1600,1,1,1,1,-124,0
573,203,869,1653,1,1,1,1,-141,0
0,208,909,1749,0,1,1,1,-155,0
591,208,971,1779,1,1,1,1,-191,0
591,203,1019,1757,1,1,1,1,-183,0
588,203,1075,1667,1,1,1,1,-161,0
584,203,1125,1691,1,1,1,1,-157,0
592,208,1179,1707,1,1,1,1,-157,0
601,213,1261,1880,1,1,1,1,-75,0
601,213,1304,1853,1,1,1,1,-93,0
0,208,1315,1837,0,1,1,1,-128,0
596,203,1269,1725,1,1,1,1,-131,0
596,213,1296,1837,1,1,1,1,-155,0
596,224,1307,1779,1,1,1,1,-155,0
0,224,1285,1787,0,1,1,1,-128,0
599,208,1301,1733,1,1,1,1,-93,0
599,208,1365,1781,1,1,1,1,-93,0
0,0,0,0,0,0,0,0,-17,0
0,224,1232,1760,0,1,1,1,-128,0
0,272,1232,1696,0,1,1,1,-112,0
0,293,1221,1621,0,1,1,1,-86,0
0,307,1189,1536,0,1,1,1,-32,0
0,307,1163,1456,0,1,1,1,-25,0
0,301,1131,1451,0,1,1,1,-25,0
0,315,1093,1392,0,1,1,1,-8,0
0,293,1024,1376,0,1,1,1,-45,0
0,293,987,1387,0,1,1,1,-45,0
578,304,960,1445,1,1,1,1,-63,0
578,320,965,1461,1,1,1,1,-55,0
577,301,933,1488,1,1,1,1,-104,0
577,301,952,1477,1,1,1,1,-81,0
577,301,955,1445,1,1,1,1,-63,0
0,317,971,1387,0,1,1,1,-17,0
612,291,973,1397,1,1,1,1,145,1
612,301,1003,1499,1,1,1,1,145,1
612,325,1019,1547,1,1,1,1,175,1
0,363,1051,1589,0,1,1,1,-10,0
615,371,1083,1611,1,1,1,1,373,1
615,347,1157,1707,1,1,1,1,370,1
615,349,1200,1773,1,1,1,1,370,1
0,352,1232,1843,0,1,1,1,-47,0
612,376,1280,1757,1,1,1,1,189,1
612,395,1355,1717,1,1,1,1,208,1
612,400,1381,1643,1,1,1,1,221,1
0,403,1387,1701,0,1,1,1,75,1
603,376,1387,1680,1,1,1,1,50,1
603,363,1413,1664,1,1,1,1,38,1
603,339,1419,1616,1,1,1,1,32,1
0,339,1365,1579,0,1,1,1,-33,0
0,336,1323,1600,0,1,1,1,-52,0
0,336,1275,1707,0,1,1,1,-90,0
0,320,1291,1739,0,1,1,1,-89,0
0,309,1301,1707,0,1,1,1,-100,0
599,304,1296,1568,1,1,1,1,-52,0
599,304,1248,1643,1,1,1,1,-42,0
576,160,1408,1568,1,1,1,1,-77,0
578,160,1408,1560,1,1,1,1,-76,0
580,160,1408,1637,1,1,1,1,-86,0
585,160,1408,1691,1,1,1,1,-111,0
590,160,1408,1840,1,1,1,1,-173,0
594,160,1408,1797,1,1,1,1,-144,0
598,160,1408,1787,1,1,1,1,-136,0
603,160,1408,1589,1,1,1,1,23,1
607,160,1408,1536,1,1,1,1,110,1
612,160,1408,1456,1,1,1,1,149,1
616,176,1419,1499,1,1,1,1,256,1
619,192,1432,1467,1,1,1,1,256,1
619,221,1459,1536,1,1,1,1,291,1
616,245,1501,1541,1,1,1,1,291,1
612,277,1504,1675,1,1,1,1,184,1
606,301,1499,1656,1,1,1,1,100,1
601,293,1445,1755,1,1,1,1,-85,0
597,267,1467,1675,1,1,1,1,-95,0
594,261,1477,1672,1,1,1,1,-95,0
593,264,1536,1504,1,1,1,1,11,1
592,288,1472,1469,1,1,1,1,-3,0
592,280,1427,1453,1,1,1,1,-11,0
591,309,1416,1495,1,1,1,1,-43,0
592,328,1460,1510,1,1,1,1,-15,0
595,368,1556,1582,1,1,1,1,72,1
597,296,1592,1560,1,1,1,1,24,1
596,276,1547,1520,1,1,1,1,26,1
594,275,1507,1461,1,1,1,1,38,1
593,277,1451,1435,1,1,1,1,-11,0
593,320,1488,1547,1,1,1,1,21,1
593,315,1499,1589,1,1,1,1,-13,0
593,288,1504,1648,1,1,1,1,-49,0
594,256,1488,1573,1,1,1,1,8,1
594,256,1504,1547,1,1,1,1,17,1
595,293,1573,1541,1,1,1,1,33,1
596,304,1621,1557,1,1,1,1,24,1
595,325,1707,1557,1,1,1,1,54,1
594,293,1685,1557,1,1,1,1,43,1
0,0,0,0,0,0,0,0,-17,0
0,376,1400,2560,0,1,1,1,1,1
0,368,1420,2480,0,1,1,1,-15,0
0,368,1405,2491,0,1,1,1,-22,0
586,376,1379,2501,1,1,1,1,-63,0
585,363,1400,2549,1,1,1,1,-65,0
585,357,1384,2573,1,1,1,1,-94,0
584,347,1403,2531,1,1,1,1,-121,0
585,357,1355,2520,1,1,1,1,-94,0
585,357,1323,2480,1,1,1,1,-97,0
580,352,1275,2528,1,1,1,1,-93,0
574,352,1232,2536,1,1,1,1,-88,0
577,360,1288,2648,1,1,1,1,-72,0
580,400,1344,2664,1,1,1,1,-11,0
580,357,1360,2672,1,1,1,1,-90,0
0,320,1349,2661,0,1,1,1,-101,0
0,264,1360,2587,0,1,1,1,-117,0
0,256,1344,2536,0,1,1,1,-128,0
0,0,1376,2416,0,0,1,1,-68,0
596,288,1472,2560,1,1,1,1,-133,0
596,288,1472,2560,1,1,1,1,-133,0
574,176,1392,1712,1,1,1,1,-113,0
575,184,1364,1588,1,1,1,1,-81,0
576,187,1309,1533,1,1,1,1,-66,0
578,192,1363,1576,1,1,1,1,-82,0
581,192,1443,1792,1,1,1,1,-162,0
583,299,1469,1995,1,1,1,1,-155,0
585,299,1459,2032,1,1,1,1,-164,0
587,299,1445,2112,1,1,1,1,-183,0
588,229,1541,2347,1,1,1,1,-100,0
590,253,1555,2621,1,1,1,1,-100,0
591,243,1469,2653,1,1,1,1,-162,0
592,195,1357,2531,1,1,1,1,-173,0
592,176,1253,2363,1,1,1,1,-177,0
593,181,1259,2261,1,1,1,1,-177,0
594,224,1269,2139,1,1,1,1,-158,0
595,261,1269,2139,1,1,1,1,-158,0
596,293,1264,2144,1,1,1,1,-147,0
597,315,1280,2219,1,1,1,1,-151,0
596,304,1291,2187,1,1,1,1,-155,0
596,309,1299,2200,1,1,1,1,-155,0
595,299,1325,2200,1,1,1,1,-158,0
595,293,1331,2200,1,1,1,1,-158,0
595,304,1352,2259,1,1,1,1,-154,0
595,299,1368,2429,1,1,1,1,-154,0
0,309,1421,2376,0,1,1,1,-110,0
605,304,1429,2400,1,1,1,1,132,1
605,304,1429,2197,1,1,1,1,97,1
610,304,1376,2336,1,1,1,1,194,1
614,283,1323,2160,1,1,1,1,248,1
614,261,1248,2160,1,1,1,1,275,1
0,256,1216,2128,0,1,1,1,-128,0
600,304,1211,2267,1,1,1,1,-70,0
600,347,1211,2229,1,1,1,1,-46,0
600,389,1211,2192,1,1,1,1,45,1
597,379,1205,2048,1,1,1,1,-6,0
597,368,1205,2107,1,1,1,1,-40,0
597,347,1211,2107,1,1,1,1,-88,0
0,341,1227,2208,0,1,1,1,-104,0
0,341,1227,2208,0,1,1,1,-104,0
598,325,1237,2293,1,1,1,1,-122,0
598,325,1264,2331,1,1,1,1,-122,0
598,341,1291,2336,1,1,1,1,-132,0
0,352,1291,2459,0,1,1,1,-54,0
598,347,1280,2448,1,1,1,1,-106,0
598,309,1291,2459,1,1,1,1,-150,0
598,309,1301,2229,1,1,1,1,-150,0
0,293,1296,2261,0,1,1,1,-128,0
598,304,1264,2357,1,1,1,1,-132,0
0,0,0,0,0,0,0,0,-17,0
0,304,1312,1600,0,1,1,1,-74,0
0,360,1288,1520,0,1,1,1,28,1
0,341,1291,1504,0,1,1,1,1,1
0,389,1275,1472,0,1,1,1,102,1
0,352,1259,1477,0,1,1,1,42,1
0,376,1240,1480,0,1,1,1,71,1
0,304,1216,1456,0,1,1,1,-15,0
0,0,0,0,0,0,0,0,-17,0
0,336,1376,1584,0,1,1,1,-33,0
0,320,1352,1656,0,1,1,1,-50,0
0,299,1328,1605,0,1,1,1,-69,0
0,304,1360,1600,0,1,1,1,-50,0
596,325,1368,1533,1,1,1,1,-8,0
596,363,1389,1507,1,1,1,1,17,1
596,341,1357,1555,1,1,1,1,-44,0
0,341,1355,1691,0,1,1,1,-59,0
593,341,1312,1765,1,1,1,1,-165,0
593,373,1253,1792,1,1,1,1,-52,0
593,352,1248,1749,1,1,1,1,-83,0
0,341,1221,1824,0,1,1,1,-104,0
0,325,1200,1723,0,1,1,1,-101,0
0,336,1147,1744,0,1,1,1,-122,0
583,325,1147,1787,1,1,1,1,-178,0
583,320,1152,1936,1,1,1,1,-178,0
583,304,1176,1848,1,1,1,1,-192,0
572,304,1240,1896,1,1,1,1,-120,0
572,325,1211,1877,1,1,1,1,-106,0
572,336,1208,1968,1,1,1,1,-106,0
576,360,1160,1728,1,1,1,1,-53,0
576,352,1168,1616,1,1,1,1,-46,0
0,0,0,0,0,0,0,0,-17,0
0,192,816,1560,0,1,1,1,-88,0
0,192,800,1604,0,1,1,1,-94,0
586,205,821,1651,1,1,1,1,-161,0
586,219,859,1784,1,1,1,1,-205,0
586,251,917,1901,1,1,1,1,-205,0
0,248,960,1992,0,1,1,1,-155,0
592,267,1019,1973,1,1,1,1,-201,0
592,240,1077,1952,1,1,1,1,-196,0
592,240,1115,1960,1,1,1,1,-192,0
0,235,1136,2045,0,1,1,1,-138,0
595,245,1147,2195,1,1,1,1,-153,0
595,261,1232,2341,1,1,1,1,-158,0
573,208,1168,1788,1,1,1,1,-157,0
573,208,1280,1862,1,1,1,1,-147,0
573,212,1325,1900,1,1,1,1,-147,0
0,255,1400,1939,0,1,1,1,-117,0
596,280,1397,1964,1,1,1,1,-151,0
596,324,1416,1972,1,1,1,1,-137,0
596,308,1448,1961,1,1,1,1,-151,0
0,315,1488,2053,0,1,1,1,-43,0
604,315,1499,2053,1,1,1,1,88,1
604,331,1488,2069,1,1,1,1,88,1
604,347,1483,1931,1,1,1,1,91,1
0,336,1483,1808,0,1,1,1,-32,0
604,339,1499,1861,1,1,1,1,88,1
604,349,1509,1883,1,1,1,1,92,1
604,365,1531,2080,1,1,1,1,92,1
603,392,1531,1920,1,1,1,1,85,1
605,384,1541,1957,1,1,1,1,144,1
608,352,1541,1883,1,1,1,1,130,1
608,328,1584,2128,1,1,1,1,134,1
0,336,1557,2187,0,1,1,1,-19,0
605,373,1552,2221,1,1,1,1,115,1
609,403,1520,1949,1,1,1,1,235,1
609,419,1555,1872,1,1,1,1,242,1
612,445,1560,2013,1,1,1,1,283,1
605,427,1523,2349,1,1,1,1,253,1
605,421,1493,2181,1,1,1,1,227,1
605,400,1488,2245,1,1,1,1,202,1
0,437,1515,2352,0,1,1,1,109,1
601,443,1488,2832,1,1,1,1,141,1
601,448,1456,2533,1,1,1,1,158,1
601,405,1461,2419,1,1,1,1,69,1
0,373,1472,2216,0,1,1,1,18,1
607,389,1419,2424,1,1,1,1,209,1
607,432,1349,2187,1,1,1,1,249,1
607,464,1323,2267,1,1,1,1,301,1
0,459,1376,2277,0,1,1,1,102,1
595,427,1424,2491,1,1,1,1,46,1
595,459,1456,2421,1,1,1,1,80,1
595,459,1435,2405,1,1,1,1,80,1
0,480,1419,2411,0,1,1,1,122,1
599,459,1403,2560,1,1,1,1,158,1
599,475,1381,2629,1,1,1,1,158,1
604,480,1323,2512,1,1,1,1,266,1
608,453,1275,2395,1,1,1,1,323,1
609,459,1291,2245,1,1,1,1,272,1
611,475,1355,2325,1,1,1,1,304,1
611,496,1413,2256,1,1,1,1,275,1
0,488,1445,2213,0,1,1,1,122,1
608,448,1456,2176,1,1,1,1,269,1
608,480,1467,2320,1,1,1,1,319,1
608,416,1472,2411,1,1,1,1,291,1
0,421,1467,2504,0,1,1,1,98,1
610,405,1456,2272,1,1,1,1,257,1
610,421,1488,2120,1,1,1,1,248,1
576,224,1336,1680,1,1,1,1,-131,0
578,224,1332,1776,1,1,1,1,-183,0
581,224,1379,1829,1,1,1,1,-172,0
585,248,1483,1851,1,1,1,1,-107,0
589,269,1568,1728,1,1,1,1,-44,0
591,301,1600,1717,1,1,1,1,-44,0
592,299,1549,1723,1,1,1,1,-44,0
593,323,1552,1779,1,1,1,1,-86,0
593,365,1541,1832,1,1,1,1,-18,0
595,371,1523,1891,1,1,1,1,-9,0
597,363,1472,2016,1,1,1,1,-32,0
600,363,1440,1979,1,1,1,1,-17,0
602,395,1435,1941,1,1,1,1,28,1
603,405,1403,1872,1,1,1,1,131,1
604,368,1381,1845,1,1,1,1,87,1
604,357,1387,1856,1,1,1,1,87,1
604,357,1424,1872,1,1,1,1,87,1
603,379,1445,0,1,1,1,0,271,1
603,421,1445,0,1,1,1,0,325,1
603,448,1440,0,1,1,1,0,340,1
602,421,1435,0,1,1,1,0,275,1
599,400,1435,0,1,1,1,0,266,1
598,357,1408,0,1,1,1,0,116,1
597,341,1360,0,1,1,1,0,68,1
595,320,1307,0,1,1,1,0,22,1
595,336,1280,0,1,1,1,0,4,1
595,325,1259,0,1,1,1,0,4,1
0,325,1248,0,0,1,1,0,5,1
591,336,1227,0,1,1,1,0,-19,0
0,0,0,0,0,0,0,0,-17,0
0,0,1504,2736,0,0,1,1,10,1
600,240,1472,2608,1,1,1,1,-75,0
600,256,1472,2501,1,1,1,1,-75,0
606,272,1488,2304,1,1,1,1,125,1
613,299,1509,2171,1,1,1,1,266,1
612,320,1515,2053,1,1,1,1,189,1
613,325,1483,1851,1,1,1,1,274,1
611,341,1477,1701,1,1,1,1,195,1
0,349,1488,1632,0,1,1,1,20,1
0,355,1515,1760,0,1,1,1,14,1
607,344,1483,1909,1,1,1,1,122,1
607,347,1472,1957,1,1,1,1,123,1
607,341,1445,1941,1,1,1,1,115,1
0,336,1456,1941,0,1,1,1,-94,0
604,320,1451,1963,1,1,1,1,84,1
604,320,1424,2016,1,1,1,1,84,1
604,0,1419,1808,1,0,1,1,161,1
0,0,1392,1744,0,0,1,1,-47,0
603,0,1384,1456,1,0,1,1,96,1
603,0,1360,0,1,0,1,0,172,1
0,0,0,0,0,0,0,0,-17,0
0,256,1264,1952,0,1,1,1,-128,0
0,256,1328,1972,0,1,1,1,-128,0
590,245,1248,2056,1,1,1,1,-187,0
590,251,1205,2259,1,1,1,1,-187,0
590,245,1088,2453,1,1,1,1,-196,0
591,261,1088,2560,1,1,1,1,-206,0
591,251,1040,2523,1,1,1,1,-191,0
592,261,1024,2533,1,1,1,1,-201,0
594,229,1040,2592,1,1,1,1,-152,0
594,229,1019,2677,1,1,1,1,-152,0
0,245,1072,2709,0,1,1,1,-146,0
595,256,1072,2728,1,1,1,1,-157,0
595,267,1189,2669,1,1,1,1,-158,0
595,235,1205,2520,1,1,1,1,-158,0
0,235,1184,2347,0,1,1,1,-128,0
602,224,1195,2224,1,1,1,1,-70,0
602,208,1200,2171,1,1,1,1,-70,0
602,229,1264,2091,1,1,1,1,-75,0
0,251,1285,2219,0,1,1,1,-128,0
0,293,1376,2267,0,1,1,1,-117,0
588,309,1419,2373,1,1,1,1,-183,0
588,291,1400,2245,1,1,1,1,-183,0
588,283,1341,2224,1,1,1,1,-187,0
590,288,1304,2181,1,1,1,1,-187,0
590,296,1296,2213,1,1,1,1,-187,0
590,285,1299,2251,1,1,1,1,-187,0
0,259,1315,2363,0,1,1,1,-128,0
0,243,1325,2373,0,1,1,1,-128,0
588,235,1301,2395,1,1,1,1,-187,0
588,245,1291,2379,1,1,1,1,-187,0
588,240,1285,2411,1,1,1,1,-187,0
0,256,1296,2469,0,1,1,1,-128,0
596,245,1296,2448,1,1,1,1,-155,0
596,320,1312,2427,1,1,1,1,-145,0
596,309,1264,2336,1,1,1,1,-147,0
0,352,1237,2309,0,1,1,1,-54,0
593,293,1168,2272,1,1,1,1,-192,0
593,315,1173,2208,1,1,1,1,-193,0
0,0,0,0,0,0,0,0,-17,0
609,288,1312,1968,1,1,1,1,134,1
609,296,1288,1784,1,1,1,1,134,1
609,307,1280,1821,1,1,1,1,134,1
603,312,1259,1832,1,1,1,1,18,1
603,307,1275,2088,1,1,1,1,10,1
603,293,1264,2123,1,1,1,1,23,1
603,288,1285,2171,1,1,1,1,0,1
603,277,1227,2059,1,1,1,1,18,1
0,291,1211,2133,0,1,1,1,-128,0
612,280,1147,1925,1,1,1,1,206,1
612,296,1136,1835,1,1,1,1,206,1
612,283,1131,1776,1,1,1,1,206,1
0,299,1163,2011,0,1,1,1,-138,0
608,325,1229,2147,1,1,1,1,162,1
608,315,1219,2061,1,1,1,1,157,1
606,309,1219,2093,1,1,1,1,123,1
604,267,1189,2069,1,1,1,1,102,1
596,267,1269,2171,1,1,1,1,-147,0
588,277,1285,2149,1,1,1,1,-187,0
588,336,1397,2384,1,1,1,1,-173,0
0,336,1392,2432,0,1,1,1,-101,0
0,344,1456,2520,0,1,1,1,-94,0
0,256,1360,2240,0,1,1,1,-117,0
0,0,0,0,0,0,0,0,-17,0
0,256,0,0,0,1,0,0,5,1
588,264,1232,2548,1,1,1,1,-187,0
588,272,1264,2670,1,1,1,1,-187,0
588,277,1232,2545,1,1,1,1,-187,0
0,272,1211,2403,0,1,1,1,-128,0
604,261,1179,2187,1,1,1,1,107,1
604,256,1179,2139,1,1,1,1,107,1
604,256,1211,2109,1,1,1,1,102,1
0,256,1205,2069,0,1,1,1,-128,0
596,256,1227,2000,1,1,1,1,-147,0
596,256,1200,1989,1,1,1,1,-147,0
596,267,1232,1997,1,1,1,1,-147,0
0,267,1211,2024,0,1,1,1,-128,0
596,267,1200,2144,1,1,1,1,-147,0
596,256,1179,2107,1,1,1,1,-142,0
596,256,1211,2179,1,1,1,1,-147,0
0,253,1275,2141,0,1,1,1,-128,0
599,264,1376,2243,1,1,1,1,-88,0
599,264,1403,2128,1,1,1,1,-88,0
599,323,1536,2211,1,1,1,1,-16,0
602,371,1675,2152,1,1,1,1,17,1
602,371,1707,1984,1,1,1,1,27,1
602,315,1632,1653,1,1,1,1,4,1
0,256,1467,1509,0,1,1,1,-4,0
0,256,1451,1568,0,1,1,1,-46,0
604,256,1403,1589,1,1,1,1,79,1
604,288,1360,1504,1,1,1,1,92,1
604,347,1424,1595,1,1,1,1,90,1
0,347,1419,1608,0,1,1,1,-15,0
608,315,1419,1840,1,1,1,1,122,1
586,192,1056,2064,1,1,1,1,-176,0
585,200,1052,2152,1,1,1,1,-205,0
585,203,1045,2085,1,1,1,1,-205,0
587,227,1040,2083,1,1,1,1,-205,0
590,277,1080,2085,1,1,1,1,-206,0
594,328,1141,2115,1,1,1,1,-143,0
596,341,1168,2181,1,1,1,1,-124,0
599,312,1139,2172,1,1,1,1,-65,0
604,288,1091,2241,1,1,1,1,116,1
610,299,1085,2081,1,1,1,1,201,1
614,331,1109,2053,1,1,1,1,304,1
618,357,1125,1845,1,1,1,1,375,1
620,384,1120,1924,1,1,1,1,375,1
618,395,1099,1879,1,1,1,1,375,1
617,392,1067,2103,1,1,1,1,375,1
613,376,1056,2285,1,1,1,1,352,1
610,360,1059,2319,1,1,1,1,223,1
607,317,1072,2195,1,1,1,1,155,1
605,280,1061,1995,1,1,1,1,124,1
603,269,1075,1993,1,1,1,1,32,1
601,288,1083,2011,1,1,1,1,-61,0
598,304,1072,2000,1,1,1,1,-122,0
596,309,1024,1845,1,1,1,1,-132,0
595,325,992,1736,1,1,1,1,-116,0
596,341,1088,1827,1,1,1,1,-124,0
597,315,1184,2107,1,1,1,1,-133,0
590,320,1227,2355,1,1,1,1,-177,0
582,288,1173,2371,1,1,1,1,-192,0
582,288,1120,2280,1,1,1,1,-192,0
0,261,1120,2309,0,1,1,1,-138,0
582,272,1109,2307,1,1,1,1,-196,0
582,261,1088,2360,1,1,1,1,-206,0
582,277,1088,2256,1,1,1,1,-206,0
0,272,1077,2072,0,1,1,1,-156,0
581,320,1115,2064,1,1,1,1,-174,0
581,283,1163,1933,1,1,1,1,-188,0
581,256,1189,1909,1,1,1,1,-183,0
0,240,1211,1976,0,1,1,1,-128,0
583,251,1173,1925,1,1,1,1,-192,0
583,272,1189,2000,1,1,1,1,-187,0
583,251,1243,1944,1,1,1,1,-187,0
0,245,1291,2040,0,1,1,1,-128,0
600,256,1339,2219,1,1,1,1,-88,0
600,245,1280,2291,1,1,1,1,-88,0
600,267,1259,2435,1,1,1,1,-70,0
0,267,1227,2339,0,1,1,1,-128,0
598,267,1211,2315,1,1,1,1,-132,0
598,251,1227,2240,1,1,1,1,-132,0
598,224,1232,2256,1,1,1,1,-132,0
0,235,1259,2373,0,1,1,1,-128,0
0,0,0,0,0,0,0,0,-17,0
0,256,1680,1552,0,1,1,1,56,1
0,252,1596,1512,0,1,1,1,42,1
0,253,1480,1568,0,1,1,1,-39,0
0,253,1400,1600,0,1,1,1,-50,0
597,267,1403,1653,1,1,1,1,-90,0
597,272,1480,1640,1,1,1,1,-64,0
596,316,1504,1616,1,1,1,1,15,1
596,288,1528,1648,1,1,1,1,-19,0
596,315,1595,1643,1,1,1,1,-10,0
0,301,1632,1723,0,1,1,1,-10,0
602,352,1659,1755,1,1,1,1,13,1
602,357,1584,1728,1,1,1,1,13,1
602,389,1568,1691,1,1,1,1,36,1
0,379,1616,1707,0,1,1,1,40,1
600,387,1685,1744,1,1,1,1,50,1
600,429,1733,1744,1,1,1,1,122,1
600,509,1707,1648,1,1,1,1,194,1
0,480,1680,1648,0,1,1,1,166,1
615,427,1701,1664,1,1,1,1,384,1
615,352,1797,1749,1,1,1,1,363,1
615,395,1856,1771,1,1,1,1,364,1
0,432,1824,1723,0,1,1,1,163,1
608,480,1685,1643,1,1,1,1,268,1
608,475,1600,1603,1,1,1,1,263,1
608,481,1571,1581,1,1,1,1,269,1
0,0,0,0,0,0,0,0,-17,0
0,344,1368,2784,0,1,1,1,-101,0
0,332,1340,2832,0,1,1,1,-112,0
0,333,1315,2837,0,1,1,1,-112,0
0,315,1264,2907,0,1,1,1,-123,0
0,309,1195,2896,0,1,1,1,-128,0
0,315,1216,2907,0,1,1,1,-123,0
588,325,1237,2848,1,1,1,1,-177,0
588,325,1301,2901,1,1,1,1,-177,0
588,304,1296,2971,1,1,1,1,-187,0
589,363,1371,3120,1,1,1,1,-94,0
589,379,1408,3227,1,1,1,1,-66,0
589,427,1360,3163,1,1,1,1,5,1
587,389,1208,3013,1,1,1,1,-44,0
587,384,1243,2784,1,1,1,1,-44,0
587,384,1248,2816,1,1,1,1,-44,0
0,373,1259,2816,0,1,1,1,-5,0
586,395,1317,2875,1,1,1,1,-36,0
586,368,1317,2827,1,1,1,1,-71,0
586,379,1333,2928,1,1,1,1,-56,0
0,352,1232,2880,0,1,1,1,-44,0
587,352,1243,2912,1,1,1,1,-87,0
587,347,1264,2955,1,1,1,1,-127,0
587,368,1269,3040,1,1,1,1,-71,0
588,379,1280,3067,1,1,1,1,-75,0
588,379,1227,2971,1,1,1,1,-56,0
588,363,1205,2875,1,1,1,1,-71,0
0,341,1152,2736,0,1,1,1,-114,0
0,293,1173,2747,0,1,1,1,-138,0
0,309,1205,2859,0,1,1,1,-128,0
0,304,1240,2984,0,1,1,1,-128,0
0,376,1272,3000,0,1,1,1,-5,0
0,320,1264,2952,0,1,1,1,-112,0
587,309,1232,2933,1,1,1,1,-187,0
587,293,1227,2853,1,1,1,1,-187,0
587,283,1232,2853,1,1,1,1,-187,0
0,299,1227,2832,0,1,1,1,-128,0
0,293,1168,2824,0,1,1,1,-138,0
0,320,1152,2728,0,1,1,1,-122,0
0,325,1179,2619,0,1,1,1,-122,0
0,325,1200,2549,0,1,1,1,-112,0
0,0,0,0,0,0,0,0,-17,0
592,384,1728,2496,1,1,1,1,47,1
592,384,1728,2496,1,1,1,1,47,1
592,368,1536,2440,1,1,1,1,-22,0
0,352,1344,2384,0,1,1,1,-54,0
601,400,1464,2296,1,1,1,1,69,1
601,448,1584,2208,1,1,1,1,144,1
601,416,1632,2336,1,1,1,1,100,1
0,384,1680,2464,0,1,1,1,45,1
594,328,1496,2184,1,1,1,1,-75,0
594,264,1296,2080,1,1,1,1,-158,0
594,272,1280,2112,1,1,1,1,-158,0
0,267,1280,2187,0,1,1,1,-128,0
584,293,1307,2181,1,1,1,1,-187,0
584,293,1307,2101,1,1,1,1,-187,0
584,299,1333,2059,1,1,1,1,-187,0
0,315,1413,2160,0,1,1,1,-105,0
582,315,1456,2128,1,1,1,1,-177,0
582,320,1461,2144,1,1,1,1,-154,0
582,283,1333,1931,1,1,1,1,-187,0
0,280,1312,1976,0,1,1,1,-128,0
0,272,1296,1864,0,1,1,1,-128,0
587,304,1472,1936,1,1,1,1,-162,0
587,309,1472,1936,1,1,1,1,-162,0
587,360,1808,2436,1,1,1,1,52,1
598,333,1920,2452,1,1,1,1,-14,0
598,280,1851,2397,1,1,1,1,-32,0
598,208,1744,2251,1,1,1,1,-36,0
0,187,1733,2293,0,1,1,1,30,1
596,208,1792,2171,1,1,1,1,-37,0
596,203,1787,2064,1,1,1,1,-41,0
596,219,1760,1984,1,1,1,1,-41,0
0,208,1685,1957,0,1,1,1,-25,0
603,203,1685,1904,1,1,1,1,15,1
603,176,1691,1781,1,1,1,1,15,1
603,165,1712,1765,1,1,1,1,19,1
0,187,1792,1755,0,1,1,1,58,1
607,205,1877,1787,1,1,1,1,129,1
607,195,1920,1792,1,1,1,1,125,1
607,157,1856,1749,1,1,1,1,134,1
0,128,1797,1904,0,1,1,1,48,1
604,128,1797,2011,1,1,1,1,97,1
604,149,1824,1957,1,1,1,1,75,1
604,155,1851,1765,1,1,1,1,96,1
0,256,1845,1792,0,1,1,1,23,1
605,328,1861,2043,1,1,1,1,150,1
605,392,1856,2112,1,1,1,1,182,1
604,312,1829,1901,1,1,1,1,123,1
603,219,1771,1747,1,1,1,1,50,1
607,168,1712,1768,1,1,1,1,107,1
612,221,1701,1984,1,1,1,1,161,1
606,269,1691,1883,1,1,1,1,102,1
600,312,1704,1896,1,1,1,1,-25,0
599,224,1688,1744,1,1,1,1,-3,0
598,152,1656,1880,1,1,1,1,-67,0
598,144,1653,1872,1,1,1,1,-67,0
0,0,0,0,0,0,0,0,-17,0
0,0,0,0,0,0,0,0,-17,0
0,240,1008,1584,0,1,1,1,-113,0
0,240,960,1868,0,1,1,1,-155,0
587,240,960,1941,1,1,1,1,-205,0
587,245,987,2088,1,1,1,1,-205,0
587,240,992,2053,1,1,1,1,-205,0
0,240,992,2037,0,1,1,1,-155,0
596,240,981,1979,1,1,1,1,-132,0
596,245,1051,1821,1,1,1,1,-132,0
596,256,1040,1760,1,1,1,1,-132,0
0,267,1008,1645,0,1,1,1,-127,0
577,267,944,1619,1,1,1,1,-154,0
577,267,960,1685,1,1,1,1,-180,0
577,256,955,1827,1,1,1,1,-205,0
0,267,928,1795,0,1,1,1,-165,0
578,245,992,1517,1,1,1,1,-109,0
578,213,1067,1355,1,1,1,1,-48,0
578,176,1147,1363,1,1,1,1,-17,0
0,203,1141,1659,0,1,1,1,-122,0
0,213,1088,1683,0,1,1,1,-130,0
584,229,1061,1736,1,1,1,1,-172,0
584,245,1019,1581,1,1,1,1,-144,0
584,272,1024,1616,1,1,1,1,-154,0
0,336,1024,1648,0,1,1,1,-95,0
0,0,0,0,0,0,0,0,-17,0
0,0,0,0,0,0,0,0,-17,0
0,0,0,0,0,0,0,0,-17,0
586,256,1024,2000,1,1,1,1,-205,0
583,256,1072,1794,1,1,1,1,-196,0
582,256,1139,1731,1,1,1,1,-168,0
583,288,1224,1621,1,1,1,1,-126,0
586,288,1341,1565,1,1,1,1,-97,0
590,288,1403,1539,1,1,1,1,-43,0
591,288,1456,1579,1,1,1,1,-93,0
590,288,1445,1572,1,1,1,1,-93,0
590,291,1440,1691,1,1,1,1,-128,0
589,291,1440,1667,1,1,1,1,-128,0
590,291,1440,1768,1,1,1,1,-183,0
591,272,1424,1647,1,1,1,1,-106,0
593,272,1424,1664,1,1,1,1,-128,0
593,251,1424,1667,1,1,1,1,-128,0
594,245,1440,1716,1,1,1,1,-118,0
593,224,1440,1760,1,1,1,1,-183,0
592,240,1440,1747,1,1,1,1,-167,0
591,235,1440,1699,1,1,1,1,-128,0
593,213,1440,1541,1,1,1,1,-58,0
595,213,1440,1507,1,1,1,1,-37,0
596,272,1440,1643,1,1,1,1,-82,0
597,275,1381,1691,1,1,1,1,-99,0
596,227,1328,1779,1,1,1,1,-155,0
0,0,0,0,0,0,0,0,-17,0
0,256,1640,1256,0,1,1,1,82,1
0,256,1660,1316,0,1,1,1,82,1
0,277,1651,1304,0,1,1,1,82,1
565,283,1675,1355,1,1,1,1,88,1
565,299,1712,1339,1,1,1,1,108,1
565,299,1765,1408,1,1,1,1,133,1
0,299,1797,1403,0,1,1,1,139,1
573,309,1829,1435,1,1,1,1,144,1
573,309,1888,1387,1,1,1,1,144,1
573,309,1973,1408,1,1,1,1,157,1
0,320,2080,1493,0,1,1,1,144,1
0,325,2123,1504,0,1,1,1,144,1
0,336,2155,1531,0,1,1,1,144,1
0,325,2133,1504,0,1,1,1,144,1
0,309,2160,1568,0,1,1,1,152,1
0,315,2144,1547,0,1,1,1,144,1
0,304,2107,1525,0,1,1,1,152,1
0,299,2059,1520,0,1,1,1,152,1
0,304,2075,1541,0,1,1,1,152,1
0,283,2075,1547,0,1,1,1,152,1
0,267,2075,1504,0,1,1,1,152,1
0,229,1989,1445,0,1,1,1,131,1
0,245,1979,1376,0,1,1,1,152,1
0,256,1947,1360,0,1,1,1,152,1
0,267,1952,1376,0,1,1,1,152,1
0,261,1931,1408,0,1,1,1,152,1
0,261,1915,1392,0,1,1,1,143,1
576,256,1904,1403,1,1,1,1,148,1
576,267,1936,1392,1,1,1,1,157,1
576,293,1989,1403,1,1,1,1,157,1
0,336,2091,1408,0,1,1,1,163,1
578,357,2112,1472,1,1,1,1,179,1
578,347,2117,1531,1,1,1,1,157,1
578,336,2037,1525,1,1,1,1,136,1
587,293,1973,1579,1,1,1,1,118,1
587,293,1893,1515,1,1,1,1,105,1
587,256,1829,1477,1,1,1,1,117,1
587,277,1797,1424,1,1,1,1,123,1
587,267,1861,1464,1,1,1,1,123,1
582,283,1861,1680,1,1,1,1,63,1
578,256,1840,1672,1,1,1,1,67,1
578,245,1749,1672,1,1,1,1,53,1
578,267,1781,1528,1,1,1,1,109,1
579,283,1829,1472,1,1,1,1,133,1
579,299,1899,1536,1,1,1,1,125,1
580,299,1915,1589,1,1,1,1,111,1
569,192,1280,1760,1,1,1,1,-110,0
572,192,1280,1824,1,1,1,1,-110,0
577,213,1280,1712,1,1,1,1,-154,0
587,213,1280,1757,1,1,1,1,-179,0
594,219,1248,1592,1,1,1,1,-105,0
596,197,1195,1765,1,1,1,1,-147,0
596,213,1093,1768,1,1,1,1,-137,0
596,267,1083,1979,1,1,1,1,-137,0
597,336,1120,1848,1,1,1,1,-113,0
597,352,1200,1821,1,1,1,1,-45,0
597,341,1216,1717,1,1,1,1,-88,0
597,309,1168,1712,1,1,1,1,-111,0
596,304,1136,1664,1,1,1,1,-115,0
596,320,1104,1680,1,1,1,1,-99,0
597,320,1120,1675,1,1,1,1,-80,0
598,341,1141,1808,1,1,1,1,-105,0
601,331,1173,1952,1,1,1,1,-56,0
601,315,1195,1984,1,1,1,1,-72,0
601,309,1195,1909,1,1,1,1,-75,0
602,293,1200,1861,1,1,1,1,-75,0
604,333,1203,2016,1,1,1,1,107,1
606,344,1213,2048,1,1,1,1,128,1
606,360,1208,1877,1,1,1,1,129,1
606,363,1200,1819,1,1,1,1,129,1
606,336,1200,1877,1,1,1,1,128,1
605,341,1195,2027,1,1,1,1,120,1
605,325,1147,1931,1,1,1,1,120,1
604,373,1104,1781,1,1,1,1,121,1
604,336,1093,1712,1,1,1,1,107,1
606,352,1109,1744,1,1,1,1,132,1
609,331,1120,1771,1,1,1,1,174,1
612,384,1120,1936,1,1,1,1,240,1
612,336,1221,2117,1,1,1,1,222,1
609,320,1275,2027,1,1,1,1,159,1
604,272,1232,1781,1,1,1,1,102,1
599,288,1067,1595,1,1,1,1,-24,0
598,293,981,1627,1,1,1,1,-83,0
597,331,1067,1749,1,1,1,1,-117,0
599,384,1195,1712,1,1,1,1,47,1
598,379,1280,1723,1,1,1,1,-6,0
599,347,1280,1659,1,1,1,1,-51,0
597,293,1280,1707,1,1,1,1,-123,0
597,277,1285,1755,1,1,1,1,-150,0
594,293,1221,1920,1,1,1,1,-158,0
593,288,1163,1984,1,1,1,1,-192,0
594,299,1157,2027,1,1,1,1,-153,0
596,283,1163,1877,1,1,1,1,-142,0
597,293,1189,1936,1,1,1,1,-132,0
598,309,1141,1936,1,1,1,1,-127,0
598,325,1173,1936,1,1,1,1,-113,0
597,304,1141,1824,1,1,1,1,-127,0
597,320,1243,1797,1,1,1,1,-118,0
595,320,1269,1797,1,1,1,1,-144,0
0,347,1333,1835,0,1,1,1,-79,0
0,320,1264,1936,0,1,1,1,-112,0
0,0,0,0,0,0,0,0,-17,0
0,288,1280,1392,0,1,1,1,-4,0
0,280,1248,1408,0,1,1,1,-30,0
0,256,1264,1536,0,1,1,1,-47,0
570,245,1211,1568,1,1,1,1,-53,0
570,240,1189,1573,1,1,1,1,-53,0
570,256,1152,1445,1,1,1,1,-5,0
0,261,1173,1419,0,1,1,1,-40,0
572,267,1195,1467,1,1,1,1,-8,0
572,267,1216,1557,1,1,1,1,-60,0
572,256,1195,1611,1,1,1,1,-70,0
0,261,1179,1589,0,1,1,1,-96,0
562,293,1211,1579,1,1,1,1,-37,0
562,272,1237,1595,1,1,1,1,-41,0
562,277,1253,1691,1,1,1,1,-83,0
0,224,1179,1776,0,1,1,1,-138,0
567,235,1184,1877,1,1,1,1,-120,0
567,245,1216,1877,1,1,1,1,-120,0
567,272,1296,1899,1,1,1,1,-120,0
0,341,1317,1867,0,1,1,1,-104,0
571,357,1333,1883,1,1,1,1,-27,0
571,363,1296,1813,1,1,1,1,-11,0
571,341,1280,1776,1,1,1,1,-98,0
0,320,1248,1797,0,1,1,1,-112,0
573,288,1259,1920,1,1,1,1,-147,0
573,272,1285,2005,1,1,1,1,-147,0
573,267,1280,1947,1,1,1,1,-147,0
0,309,1275,2016,0,1,1,1,-128,0
0,341,1264,1899,0,1,1,1,-104,0
0,325,1227,1984,0,1,1,1,-112,0
569,315,1184,1797,1,1,1,1,-117,0
569,272,1168,1973,1,1,1,1,-130,0
569,251,1179,2032,1,1,1,1,-130,0
0,245,1221,2155,0,1,1,1,-128,0
0,261,1237,2091,0,1,1,1,-128,0
0,296,1272,2048,0,1,1,1,-128,0
0,280,1216,2024,0,1,1,1,-128,0
0,0,0,0,0,0,0,0,-17,0
583,280,976,1984,1,1,1,1,-215,0
583,356,1000,1992,1,1,1,1,-95,0
583,285,965,1984,1,1,1,1,-215,0
0,315,992,1963,0,1,1,1,-150,0
580,245,1152,2331,1,1,1,1,-188,0
580,267,1163,2384,1,1,1,1,-188,0
580,240,1115,2373,1,1,1,1,-188,0
0,229,944,2011,0,1,1,1,-155,0
578,219,944,2064,1,1,1,1,-205,0
578,192,960,2251,1,1,1,1,-176,0
578,192,949,2325,1,1,1,1,-176,0
0,197,971,2304,0,1,1,1,-155,0
0,187,987,2251,0,1,1,1,-126,0
578,181,1003,2325,1,1,1,1,-176,0
578,171,981,2192,1,1,1,1,-176,0
578,176,933,2144,1,1,1,1,-176,0
576,203,891,1824,1,1,1,1,-205,0
576,224,869,0,1,1,1,0,-57,0
576,256,917,0,1,1,1,0,-57,0
0,0,928,0,0,0,1,0,-62,0
578,288,965,0,1,1,1,0,-52,0
578,232,923,0,1,1,1,0,-57,0
0,0,0,0,0,0,0,0,-17,0
0,224,1280,2104,0,1,1,1,-128,0
0,232,1288,2040,0,1,1,1,-128,0
601,229,1261,1885,1,1,1,1,-75,0
601,251,1256,1856,1,1,1,1,-75,0
601,245,1224,1853,1,1,1,1,-75,0
0,245,1227,2016,0,1,1,1,-128,0
614,224,1221,2107,1,1,1,1,268,1
614,224,1232,2176,1,1,1,1,268,1
614,224,1248,2288,1,1,1,1,272,1
0,0,0,0,0,0,0,0,-17,0
608,192,1088,1872,1,1,1,1,112,1
608,192,1088,1872,1,1,1,1,112,1
608,192,1104,1912,1,1,1,1,112,1
0,192,1120,1952,0,1,1,1,-109,0
601,192,1128,1832,1,1,1,1,-51,0
601,192,1136,1712,1,1,1,1,-51,0
601,192,1080,1656,1,1,1,1,-22,0
0,192,1024,1600,0,1,1,1,-94,0
603,240,1056,1664,1,1,1,1,47,1
603,240,1088,1728,1,1,1,1,19,1
603,224,1144,1656,1,1,1,1,33,1
0,197,1216,1816,0,1,1,1,-128,0
580,197,1237,2000,1,1,1,1,-183,0
580,203,1259,2203,1,1,1,1,-183,0
580,197,1269,2187,1,1,1,1,-183,0
587,219,1285,2101,1,1,1,1,-187,0
589,240,1376,2165,1,1,1,1,-183,0
589,261,1557,2149,1,1,1,1,-100,0
598,240,1707,2101,1,1,1,1,-71,0
601,224,1712,1728,1,1,1,1,3,1
601,216,1589,1749,1,1,1,1,-11,0
598,228,1496,1640,1,1,1,1,-26,0
594,252,1504,1936,1,1,1,1,-78,0
594,272,1568,1856,1,1,1,1,-77,0
595,288,1584,1760,1,1,1,1,-77,0
596,256,1600,1664,1,1,1,1,-19,0
596,283,1592,1632,1,1,1,1,3,1
0,272,1584,1600,0,1,1,1,34,1
599,376,1504,1544,1,1,1,1,55,1
599,416,1424,1488,1,1,1,1,131,1
599,312,1464,1504,1,1,1,1,10,1
0,208,1504,1520,0,1,1,1,33,1
596,200,1480,1560,1,1,1,1,-49,0
596,192,1456,1600,1,1,1,1,-73,0
596,192,1480,1696,1,1,1,1,-85,0
0,192,1504,1792,0,1,1,1,-31,0
0,192,1456,1840,0,1,1,1,-100,0
0,192,1408,1888,0,1,1,1,-107,0
0,192,1376,1600,0,1,1,1,-50,0
0,0,0,0,0,0,0,0,-17,0
560,224,1088,2544,1,1,1,1,-139,0
569,200,1208,2360,1,1,1,1,-120,0
579,213,1429,2411,1,1,1,1,-172,0
588,256,1771,2469,1,1,1,1,-33,0
599,245,1968,2347,1,1,1,1,37,1
602,221,1936,2080,1,1,1,1,11,1
602,163,1765,1744,1,1,1,1,37,1
599,205,1781,1931,1,1,1,1,-4,0
596,203,1835,2021,1,1,1,1,-37,0
602,197,1877,1984,1,1,1,1,-17,0
607,160,1781,1696,1,1,1,1,112,1
607,160,1680,1627,1,1,1,1,113,1
0,160,1648,1691,0,1,1,1,2,1
608,205,1659,1899,1,1,1,1,108,1
608,248,1755,2149,1,1,1,1,121,1
608,280,1813,2096,1,1,1,1,158,1
0,296,1851,1941,0,1,1,1,16,1
622,328,1893,1813,1,1,1,1,333,1
622,323,1979,1851,1,1,1,1,327,1
616,293,1957,2048,1,1,1,1,315,1
610,283,1912,2112,1,1,1,1,202,1
610,315,1768,2373,1,1,1,1,257,1
0,352,1776,2507,0,1,1,1,99,1
601,347,1784,2539,1,1,1,1,33,1
552,176,960,1872,1,1,1,1,45,1
557,168,960,1772,1,1,1,1,-83,0
565,157,960,1731,1,1,1,1,-57,0
574,157,965,1635,1,1,1,1,-125,0
579,163,965,1928,1,1,1,1,-176,0
576,173,965,2144,1,1,1,1,-176,0
574,179,960,2251,1,1,1,1,-176,0
577,184,960,1917,1,1,1,1,-176,0
580,219,965,1840,1,1,1,1,-205,0
584,219,965,1824,1,1,1,1,-205,0
587,229,965,1925,1,1,1,1,-205,0
591,203,960,1877,1,1,1,1,-191,0
593,224,960,1808,1,1,1,1,-191,0
594,215,960,1872,1,1,1,1,-152,0
594,241,960,1883,1,1,1,1,-152,0
594,263,960,1989,1,1,1,1,-162,0
594,251,960,2075,1,1,1,1,-152,0
594,213,960,2059,1,1,1,1,-152,0
595,179,960,2069,1,1,1,1,-133,0
595,221,960,2027,1,1,1,1,-152,0
595,221,960,2123,1,1,1,1,-152,0
0,208,949,2155,0,1,1,1,-155,0
592,240,949,2149,1,1,1,1,-191,0
592,261,949,2176,1,1,1,1,-201,0
592,261,960,2187,1,1,1,1,-201,0
0,197,965,2229,0,1,1,1,-155,0
0,176,971,2245,0,1,1,1,-126,0
585,176,976,2304,1,1,1,1,-176,0
585,171,981,2288,1,1,1,1,-176,0
585,176,987,2235,1,1,1,1,-176,0
586,171,981,2069,1,1,1,1,-176,0
586,192,971,1957,1,1,1,1,-176,0
586,203,971,1957,1,1,1,1,-205,0
0,203,971,2011,0,1,1,1,-155,0
0,176,976,2053,0,1,1,1,-126,0
0,165,981,2021,0,1,1,1,-126,0
577,192,981,2096,1,1,1,1,-176,0
577,192,987,2155,1,1,1,1,-176,0
0,0,0,0,0,0,0,0,-17,0
0,384,1696,2256,0,1,1,1,62,1
0,376,1720,2280,0,1,1,1,84,1
590,368,1691,2181,1,1,1,1,-1,0
590,352,1632,2069,1,1,1,1,-29,0
587,363,1552,1979,1,1,1,1,-18,0
584,347,1499,1973,1,1,1,1,-57,0
579,347,1493,1973,1,1,1,1,-53,0
584,320,1493,2008,1,1,1,1,-93,0
580,328,1485,2083,1,1,1,1,-89,0
580,333,1501,2099,1,1,1,1,-93,0
575,344,1475,2144,1,1,1,1,-128,0
576,336,1504,2139,1,1,1,1,-73,0
579,325,1488,2267,1,1,1,1,-93,0
0,315,1525,2288,0,1,1,1,-30,0
603,325,1493,2219,1,1,1,1,37,1
603,315,1493,2005,1,1,1,1,32,1
603,309,1451,1944,1,1,1,1,-5,0
603,299,1461,2013,1,1,1,1,-1,0
603,320,1467,2179,1,1,1,1,18,1
603,325,1477,2128,1,1,1,1,18,1
0,331,1477,2155,0,1,1,1,-80,0
0,325,1467,2139,0,1,1,1,-80,0
579,368,1483,2107,1,1,1,1,-34,0
579,373,1493,2107,1,1,1,1,-28,0
579,389,1499,2027,1,1,1,1,-18,0
0,347,1499,2133,0,1,1,1,-10,0
580,395,1504,2069,1,1,1,1,3,1
589,373,1531,2197,1,1,1,1,-16,0
589,395,1568,2155,1,1,1,1,10,1
597,352,1536,2069,1,1,1,1,-20,0
579,347,1429,1979,1,1,1,1,-113,0
579,363,1339,1920,1,1,1,1,-66,0
579,347,1296,2069,1,1,1,1,-122,0
0,368,1317,2011,0,1,1,1,-31,0
583,341,1307,2048,1,1,1,1,-165,0
583,357,1344,2080,1,1,1,1,-86,0
583,363,1397,2267,1,1,1,1,-65,0
0,363,1461,2352,0,1,1,1,-5,0
583,379,1515,2336,1,1,1,1,-9,0
583,357,1531,2229,1,1,1,1,-26,0
583,357,1547,2144,1,1,1,1,-26,0
0,336,1536,2064,0,1,1,1,-24,0
599,328,1512,2096,1,1,1,1,-17,0
599,352,1456,1936,1,1,1,1,-33,0
599,357,1440,1888,1,1,1,1,-33,0
0,384,1376,1888,0,1,1,1,7,1
580,368,1365,2080,1,1,1,1,-63,0
580,368,1365,2208,1,1,1,1,-74,0
580,352,1381,2213,1,1,1,1,-90,0
0,384,1371,2235,0,1,1,1,0,1
568,336,1355,2277,1,1,1,1,-99,0
568,320,1355,2304,1,1,1,1,-99,0
568,309,1371,2315,1,1,1,1,-109,0
0,363,1387,2192,0,1,1,1,-22,0
0,363,1376,2107,0,1,1,1,-35,0
0,373,1355,2085,0,1,1,1,-5,0
571,389,1355,2117,1,1,1,1,8,1
571,411,1355,2091,1,1,1,1,46,1
571,405,1365,2027,1,1,1,1,46,1
0,389,1360,2091,0,1,1,1,0,1
596,400,1411,2019,1,1,1,1,36,1
596,389,1443,2035,1,1,1,1,-15,0
596,389,1485,2003,1,1,1,1,-6,0
0,384,1547,2069,0,1,1,1,34,1
0,395,1563,2149,0,1,1,1,47,1
0,384,1557,2171,0,1,1,1,34,1
573,363,1483,2139,1,1,1,1,-1,0
573,373,1477,1936,1,1,1,1,3,1
573,379,1472,1989,1,1,1,1,3,1
0,384,1493,2091,0,1,1,1,25,1
582,373,1493,2139,1,1,1,1,-32,0
582,384,1483,2059,1,1,1,1,-22,0
582,403,1501,1955,1,1,1,1,26,1
0,419,1501,1896,0,1,1,1,93,1
585,411,1568,2008,1,1,1,1,56,1
585,403,1635,2341,1,1,1,1,45,1
585,381,1645,2619,1,1,1,1,-9,0
0,379,1552,2475,0,1,1,1,33,1
594,360,1405,2140,1,1,1,1,-57,0
591,333,1317,1888,1,1,1,1,-173,0
590,323,1280,1813,1,1,1,1,-173,0
584,341,1304,1839,1,1,1,1,-165,0
581,373,1328,1920,1,1,1,1,-51,0
578,405,1344,1941,1,1,1,1,0,1
578,389,1317,1989,1,1,1,1,-39,0
0,363,1291,1888,0,1,1,1,-31,0
569,336,1280,1819,1,1,1,1,-106,0
569,347,1301,1835,1,1,1,1,-67,0
569,347,1360,1851,1,1,1,1,-64,0
0,320,1365,2005,0,1,1,1,-101,0
576,315,1344,2043,1,1,1,1,-175,0
576,363,1307,2187,1,1,1,1,-72,0
576,373,1339,2160,1,1,1,1,-57,0
0,352,1344,1957,0,1,1,1,-47,0
569,339,1363,1769,1,1,1,1,-95,0
569,379,1355,1632,1,1,1,1,44,1
569,405,1392,1733,1,1,1,1,68,1
0,387,1427,1801,0,1,1,1,23,1
570,347,1456,1899,1,1,1,1,-51,0
570,368,1477,1952,1,1,1,1,24,1
570,368,1515,1843,1,1,1,1,38,1
0,389,1509,1731,0,1,1,1,38,1
0,384,1472,1728,0,1,1,1,37,1
580,400,1429,1931,1,1,1,1,14,1
580,411,1472,2093,1,1,1,1,33,1
580,395,1515,2005,1,1,1,1,18,1
0,405,1499,1952,0,1,1,1,76,1
0,384,1483,2003,0,1,1,1,25,1
0,373,1467,1909,0,1,1,1,13,1
0,331,1472,1931,0,1,1,1,-80,0
586,309,1461,1931,1,1,1,1,-164,0
586,352,1477,2115,1,1,1,1,-60,0
586,389,1493,2165,1,1,1,1,-26,0
0,432,1504,2248,0,1,1,1,118,1
582,405,1515,2355,1,1,1,1,45,1
582,379,1515,2397,1,1,1,1,-9,0
582,352,1451,2317,1,1,1,1,-81,0
0,363,1355,2147,0,1,1,1,-35,0
0,384,1312,2133,0,1,1,1,-3,0
0,411,1323,2109,0,1,1,1,50,1
0,192,1512,2368,0,1,1,1,-25,0
580,192,1472,2168,1,1,1,1,-141,0
579,208,1363,1955,1,1,1,1,-172,0
579,216,1285,1821,1,1,1,1,-183,0
581,240,1251,1773,1,1,1,1,-183,0
586,256,1363,1955,1,1,1,1,-176,0
593,248,1379,1843,1,1,1,1,-183,0
598,245,1379,1864,1,1,1,1,-146,0
601,229,1355,1840,1,1,1,1,-93,0
601,221,1381,1925,1,1,1,1,-93,0
600,216,1408,1877,1,1,1,1,-93,0
598,248,1413,2005,1,1,1,1,-146,0
598,277,1419,2128,1,1,1,1,-146,0
597,283,1408,2400,1,1,1,1,-146,0
597,272,1400,2408,1,1,1,1,-146,0
595,240,1376,2560,1,1,1,1,-154,0
0,0,0,0,0,0,0,0,-17,0
594,384,1440,2560,1,1,1,1,-22,0
594,360,1456,2736,1,1,1,1,-47,0
594,325,1435,2560,1,1,1,1,-144,0
594,299,1408,2555,1,1,1,1,-154,0
593,312,1344,2379,1,1,1,1,-187,0
593,328,1301,2325,1,1,1,1,-177,0
592,339,1285,2144,1,1,1,1,-177,0
0,341,1285,2021,0,1,1,1,-104,0
588,331,1269,2037,1,1,1,1,-173,0
588,357,1275,2219,1,1,1,1,-97,0
588,331,1264,2144,1,1,1,1,-177,0
0,325,1280,2069,0,1,1,1,-112,0
590,304,1264,2005,1,1,1,1,-187,0
590,336,1339,1984,1,1,1,1,-173,0
590,357,1424,1856,1,1,1,1,-84,0
0,341,1467,1584,0,1,1,1,-26,0
596,339,1509,1744,1,1,1,1,-43,0
596,339,1520,1840,1,1,1,1,-63,0
596,339,1563,1963,1,1,1,1,-63,0
0,363,1573,2043,0,1,1,1,22,1
596,352,1595,2264,1,1,1,1,-24,0
596,363,1576,2448,1,1,1,1,-13,0
596,312,1501,2277,1,1,1,1,-85,0
0,352,1459,2179,0,1,1,1,-26,0
596,360,1461,2005,1,1,1,1,-41,0
596,341,1440,2144,1,1,1,1,-141,0
596,352,1381,2101,1,1,1,1,-83,0
0,347,1317,2192,0,1,1,1,-86,0
596,373,1328,2059,1,1,1,1,-29,0
596,347,1365,2176,1,1,1,1,-115,0
596,363,1419,2272,1,1,1,1,-54,0
0,336,1413,2299,0,1,1,1,-94,0
601,344,1381,2208,1,1,1,1,-78,0
601,355,1467,2395,1,1,1,1,-19,0
601,355,1477,2507,1,1,1,1,-19,0
0,363,1464,2675,0,1,1,1,4,1
584,315,1309,2424,1,1,1,1,-188,0
590,341,1288,2459,1,1,1,1,-169,0
590,341,1307,2269,1,1,1,1,-169,0
0,0,0,0,0,0,0,0,-17,0
0,224,1312,1772,0,1,1,1,-128,0
564,216,1128,1822,1,1,1,1,-130,0
564,213,1051,1855,1,1,1,1,-112,0
564,192,933,1765,1,1,1,1,-83,0
0,176,944,1616,0,1,1,1,-94,0
0,160,992,1579,0,1,1,1,-94,0
577,176,1013,1627,1,1,1,1,-125,0
583,189,1035,1632,1,1,1,1,-125,0
583,259,1035,1525,1,1,1,1,-109,0
589,275,1040,1584,1,1,1,1,-154,0
0,283,1051,1616,0,1,1,1,-123,0
601,219,1088,1632,1,1,1,1,-24,0
601,200,1099,1525,1,1,1,1,-51,0
601,176,1099,1504,1,1,1,1,-42,0
0,0,1072,1488,0,0,1,1,-64,0
596,184,1096,1600,1,1,1,1,-75,0
596,180,1120,1784,1,1,1,1,-123,0
596,205,1136,1867,1,1,1,1,-142,0
0,251,1168,2005,0,1,1,1,-138,0
592,288,1179,2165,1,1,1,1,-192,0
592,304,1184,2232,1,1,1,1,-187,0
592,256,1184,2232,1,1,1,1,-187,0
578,256,1352,2208,1,1,1,1,-172,0
586,272,1397,2168,1,1,1,1,-176,0
